:ID,:LABEL,CODE:string,COLUMN_NUMBER,LINE_NUMBER,MODIFIER_TYPE:string,ORDER:int
133143986176,MODIFIER,<empty>,,,VIRTUAL,3
133143986177,MODIFIER,<empty>,,,VIRTUAL,4
133143986178,MODIFIER,<empty>,,,VIRTUAL,4
133143986179,MODIFIER,<empty>,,,VIRTUAL,6
133143986180,MODIFIER,<empty>,,,VIRTUAL,4
133143986181,MODIFIER,<empty>,,,LAMBDA,5
133143986182,MODIFIER,<empty>,,,VIRTUAL,4
133143986183,MODIFIER,<empty>,,,LAMBDA,5
133143986184,MODIFIER,<empty>,,,VIRTUAL,4
133143986185,MODIFIER,<empty>,,,VIRTUAL,5
133143986186,MODIFIER,<empty>,,,VIRTUAL,5
133143986187,MODIFIER,<empty>,,,VIRTUAL,4
133143986188,MODIFIER,<empty>,,,LAMBDA,5
133143986189,MODIFIER,<empty>,,,VIRTUAL,4
133143986190,MODIFIER,<empty>,,,LAMBDA,5
133143986191,MODIFIER,<empty>,,,VIRTUAL,3
133143986192,MODIFIER,<empty>,,,LAMBDA,4
133143986193,MODIFIER,<empty>,,,VIRTUAL,4
133143986194,MODIFIER,<empty>,,,VIRTUAL,4
133143986195,MODIFIER,<empty>,,,LAMBDA,5
133143986196,MODIFIER,<empty>,,,VIRTUAL,4
133143986197,MODIFIER,<empty>,,,VIRTUAL,4
133143986198,MODIFIER,<empty>,,,VIRTUAL,3
133143986199,MODIFIER,<empty>,,,VIRTUAL,3
133143986200,MODIFIER,<empty>,,,VIRTUAL,4
133143986201,MODIFIER,<empty>,,,VIRTUAL,3
133143986202,MODIFIER,<empty>,,,VIRTUAL,4
133143986203,MODIFIER,<empty>,,,VIRTUAL,4
133143986204,MODIFIER,<empty>,,,VIRTUAL,4
133143986205,MODIFIER,<empty>,,,VIRTUAL,3
133143986206,MODIFIER,<empty>,,,LAMBDA,4
133143986207,MODIFIER,<empty>,,,VIRTUAL,3
133143986208,MODIFIER,<empty>,,,LAMBDA,4
133143986209,MODIFIER,<empty>,,,VIRTUAL,3
133143986210,MODIFIER,<empty>,,,LAMBDA,4
133143986211,MODIFIER,<empty>,,,VIRTUAL,3
133143986212,MODIFIER,<empty>,,,VIRTUAL,4
133143986213,MODIFIER,<empty>,,,VIRTUAL,3
133143986214,MODIFIER,<empty>,,,VIRTUAL,3
133143986215,MODIFIER,<empty>,,,VIRTUAL,4
133143986216,MODIFIER,<empty>,,,VIRTUAL,4
133143986217,MODIFIER,<empty>,,,LAMBDA,5
133143986218,MODIFIER,<empty>,,,VIRTUAL,4
133143986219,MODIFIER,<empty>,,,VIRTUAL,4
133143986220,MODIFIER,<empty>,,,VIRTUAL,3
133143986221,MODIFIER,<empty>,,,VIRTUAL,3
133143986222,MODIFIER,<empty>,,,VIRTUAL,4
133143986223,MODIFIER,<empty>,,,VIRTUAL,3
133143986224,MODIFIER,<empty>,,,VIRTUAL,4
133143986225,MODIFIER,<empty>,,,VIRTUAL,3
133143986226,MODIFIER,<empty>,,,VIRTUAL,3
133143986227,MODIFIER,<empty>,,,VIRTUAL,5
133143986228,MODIFIER,<empty>,,,VIRTUAL,4
133143986229,MODIFIER,<empty>,,,VIRTUAL,10
133143986230,MODIFIER,<empty>,,,VIRTUAL,4
133143986231,MODIFIER,<empty>,,,LAMBDA,5
133143986232,MODIFIER,<empty>,,,VIRTUAL,6
133143986233,MODIFIER,<empty>,,,LAMBDA,7
133143986234,MODIFIER,<empty>,,,VIRTUAL,6
133143986235,MODIFIER,<empty>,,,VIRTUAL,10
133143986236,MODIFIER,<empty>,,,VIRTUAL,4
133143986237,MODIFIER,<empty>,,,LAMBDA,5
133143986238,MODIFIER,<empty>,,,VIRTUAL,4
133143986239,MODIFIER,<empty>,,,VIRTUAL,5
133143986240,MODIFIER,<empty>,,,LAMBDA,6
133143986241,MODIFIER,<empty>,,,VIRTUAL,5
133143986242,MODIFIER,<empty>,,,VIRTUAL,9
133143986243,MODIFIER,<empty>,,,VIRTUAL,4
133143986244,MODIFIER,<empty>,,,VIRTUAL,4
133143986245,MODIFIER,<empty>,,,VIRTUAL,10
133143986246,MODIFIER,<empty>,,,VIRTUAL,5
133143986247,MODIFIER,<empty>,,,VIRTUAL,4
133143986248,MODIFIER,<empty>,,,VIRTUAL,5
133143986249,MODIFIER,<empty>,,,VIRTUAL,10
133143986250,MODIFIER,<empty>,,,VIRTUAL,4
133143986251,MODIFIER,<empty>,,,VIRTUAL,4
133143986252,MODIFIER,<empty>,,,LAMBDA,5
133143986253,MODIFIER,<empty>,,,VIRTUAL,5
133143986254,MODIFIER,<empty>,,,VIRTUAL,4
133143986255,MODIFIER,<empty>,,,VIRTUAL,5
133143986256,MODIFIER,<empty>,,,VIRTUAL,4
133143986257,MODIFIER,<empty>,,,VIRTUAL,5
133143986258,MODIFIER,<empty>,,,VIRTUAL,4
133143986259,MODIFIER,<empty>,,,VIRTUAL,5
133143986260,MODIFIER,<empty>,,,VIRTUAL,5
133143986261,MODIFIER,<empty>,,,VIRTUAL,4
133143986262,MODIFIER,<empty>,,,VIRTUAL,5
133143986263,MODIFIER,<empty>,,,VIRTUAL,7
133143986264,MODIFIER,<empty>,,,VIRTUAL,4
133143986265,MODIFIER,<empty>,,,LAMBDA,5
133143986266,MODIFIER,<empty>,,,VIRTUAL,5
133143986267,MODIFIER,<empty>,,,VIRTUAL,5
133143986268,MODIFIER,<empty>,,,VIRTUAL,4
133143986269,MODIFIER,<empty>,,,VIRTUAL,4
133143986270,MODIFIER,<empty>,,,VIRTUAL,4
133143986271,MODIFIER,<empty>,,,VIRTUAL,5
133143986272,MODIFIER,<empty>,,,VIRTUAL,5
133143986273,MODIFIER,<empty>,,,VIRTUAL,4
133143986274,MODIFIER,<empty>,,,VIRTUAL,3
133143986275,MODIFIER,<empty>,,,VIRTUAL,7
133143986276,MODIFIER,<empty>,,,VIRTUAL,4
133143986277,MODIFIER,<empty>,,,VIRTUAL,3
133143986278,MODIFIER,<empty>,,,VIRTUAL,4
133143986279,MODIFIER,<empty>,,,VIRTUAL,4
133143986280,MODIFIER,<empty>,,,LAMBDA,5
133143986281,MODIFIER,<empty>,,,VIRTUAL,4
133143986282,MODIFIER,<empty>,,,VIRTUAL,4
133143986283,MODIFIER,<empty>,,,LAMBDA,5
133143986284,MODIFIER,<empty>,,,VIRTUAL,4
133143986285,MODIFIER,<empty>,,,LAMBDA,5
133143986286,MODIFIER,<empty>,,,VIRTUAL,5
133143986287,MODIFIER,<empty>,,,LAMBDA,6
133143986288,MODIFIER,<empty>,,,VIRTUAL,4
133143986289,MODIFIER,<empty>,,,LAMBDA,5
133143986290,MODIFIER,<empty>,,,VIRTUAL,4
133143986291,MODIFIER,<empty>,,,LAMBDA,5
133143986292,MODIFIER,<empty>,,,VIRTUAL,4
133143986293,MODIFIER,<empty>,,,VIRTUAL,5
133143986294,MODIFIER,<empty>,,,VIRTUAL,5
133143986295,MODIFIER,<empty>,,,VIRTUAL,4
133143986296,MODIFIER,<empty>,,,LAMBDA,5
133143986297,MODIFIER,<empty>,,,VIRTUAL,4
133143986298,MODIFIER,<empty>,,,VIRTUAL,4
133143986299,MODIFIER,<empty>,,,LAMBDA,5
133143986300,MODIFIER,<empty>,,,VIRTUAL,4
133143986301,MODIFIER,<empty>,,,VIRTUAL,4
133143986302,MODIFIER,<empty>,,,VIRTUAL,5
133143986303,MODIFIER,<empty>,,,LAMBDA,6
133143986304,MODIFIER,<empty>,,,VIRTUAL,4
133143986305,MODIFIER,<empty>,,,VIRTUAL,5
133143986306,MODIFIER,<empty>,,,VIRTUAL,4
133143986307,MODIFIER,<empty>,,,VIRTUAL,5
133143986308,MODIFIER,<empty>,,,VIRTUAL,4
133143986309,MODIFIER,<empty>,,,VIRTUAL,4
133143986310,MODIFIER,<empty>,,,VIRTUAL,6
133143986311,MODIFIER,<empty>,,,LAMBDA,7
133143986312,MODIFIER,<empty>,,,VIRTUAL,5
133143986313,MODIFIER,<empty>,,,VIRTUAL,3
133143986314,MODIFIER,<empty>,,,VIRTUAL,4
133143986315,MODIFIER,<empty>,,,VIRTUAL,5
133143986316,MODIFIER,<empty>,,,LAMBDA,6
133143986317,MODIFIER,<empty>,,,VIRTUAL,6
133143986318,MODIFIER,<empty>,,,VIRTUAL,4
133143986319,MODIFIER,<empty>,,,LAMBDA,5
133143986320,MODIFIER,<empty>,,,VIRTUAL,4
133143986321,MODIFIER,<empty>,,,LAMBDA,5
133143986322,MODIFIER,<empty>,,,VIRTUAL,5
133143986323,MODIFIER,<empty>,,,VIRTUAL,4
133143986324,MODIFIER,<empty>,,,LAMBDA,5
133143986325,MODIFIER,<empty>,,,VIRTUAL,4
133143986326,MODIFIER,<empty>,,,LAMBDA,5
133143986327,MODIFIER,<empty>,,,VIRTUAL,3
133143986328,MODIFIER,<empty>,,,LAMBDA,4
133143986329,MODIFIER,<empty>,,,VIRTUAL,3
133143986330,MODIFIER,<empty>,,,VIRTUAL,5
133143986331,MODIFIER,<empty>,,,VIRTUAL,7
133143986332,MODIFIER,<empty>,,,VIRTUAL,3
133143986333,MODIFIER,<empty>,,,VIRTUAL,3
133143986334,MODIFIER,<empty>,,,VIRTUAL,4
133143986335,MODIFIER,<empty>,,,VIRTUAL,3
133143986336,MODIFIER,<empty>,,,VIRTUAL,3
133143986337,MODIFIER,<empty>,,,VIRTUAL,4
133143986338,MODIFIER,<empty>,,,VIRTUAL,3
133143986339,MODIFIER,<empty>,,,VIRTUAL,3
133143986340,MODIFIER,<empty>,,,VIRTUAL,5
133143986341,MODIFIER,<empty>,,,LAMBDA,6
133143986342,MODIFIER,<empty>,,,VIRTUAL,3
133143986343,MODIFIER,<empty>,,,VIRTUAL,3
133143986344,MODIFIER,<empty>,,,VIRTUAL,3
133143986345,MODIFIER,<empty>,,,LAMBDA,4
133143986346,MODIFIER,<empty>,,,VIRTUAL,3
133143986347,MODIFIER,<empty>,,,VIRTUAL,4
133143986348,MODIFIER,<empty>,,,VIRTUAL,3
133143986349,MODIFIER,<empty>,,,VIRTUAL,3
133143986350,MODIFIER,<empty>,,,VIRTUAL,3
133143986351,MODIFIER,<empty>,,,VIRTUAL,3
133143986352,MODIFIER,<empty>,,,VIRTUAL,3
133143986353,MODIFIER,<empty>,,,VIRTUAL,4
133143986354,MODIFIER,<empty>,,,VIRTUAL,3
133143986355,MODIFIER,<empty>,,,VIRTUAL,3
133143986356,MODIFIER,<empty>,,,VIRTUAL,3
133143986357,MODIFIER,<empty>,,,LAMBDA,4
133143986358,MODIFIER,<empty>,,,VIRTUAL,3
133143986359,MODIFIER,<empty>,,,LAMBDA,4
133143986360,MODIFIER,<empty>,,,VIRTUAL,3
133143986361,MODIFIER,<empty>,,,LAMBDA,4
133143986362,MODIFIER,<empty>,,,VIRTUAL,4
133143986363,MODIFIER,<empty>,,,LAMBDA,5
133143986364,MODIFIER,<empty>,,,VIRTUAL,3
133143986365,MODIFIER,<empty>,,,LAMBDA,4
133143986366,MODIFIER,<empty>,,,VIRTUAL,4
133143986367,MODIFIER,<empty>,,,LAMBDA,5
133143986368,MODIFIER,<empty>,,,VIRTUAL,3
133143986369,MODIFIER,<empty>,,,LAMBDA,4
133143986370,MODIFIER,<empty>,,,VIRTUAL,3
133143986371,MODIFIER,<empty>,,,LAMBDA,4
133143986372,MODIFIER,<empty>,,,VIRTUAL,3
133143986373,MODIFIER,<empty>,,,LAMBDA,4
133143986374,MODIFIER,<empty>,,,VIRTUAL,3
133143986375,MODIFIER,<empty>,,,LAMBDA,4
133143986376,MODIFIER,<empty>,,,VIRTUAL,3
133143986377,MODIFIER,<empty>,,,LAMBDA,4
133143986378,MODIFIER,<empty>,,,VIRTUAL,3
133143986379,MODIFIER,<empty>,,,LAMBDA,4
133143986380,MODIFIER,<empty>,,,VIRTUAL,3
133143986381,MODIFIER,<empty>,,,VIRTUAL,3
133143986382,MODIFIER,<empty>,,,VIRTUAL,3
133143986383,MODIFIER,<empty>,,,VIRTUAL,4
133143986384,MODIFIER,<empty>,,,VIRTUAL,3
133143986385,MODIFIER,<empty>,,,VIRTUAL,4
133143986386,MODIFIER,<empty>,,,VIRTUAL,3
133143986387,MODIFIER,<empty>,,,VIRTUAL,3
133143986388,MODIFIER,<empty>,,,LAMBDA,4
133143986389,MODIFIER,<empty>,,,VIRTUAL,4
133143986390,MODIFIER,<empty>,,,VIRTUAL,3
133143986391,MODIFIER,<empty>,,,VIRTUAL,3
133143986392,MODIFIER,<empty>,,,VIRTUAL,4
133143986393,MODIFIER,<empty>,,,LAMBDA,5
133143986394,MODIFIER,<empty>,,,VIRTUAL,4
133143986395,MODIFIER,<empty>,,,VIRTUAL,4
133143986396,MODIFIER,<empty>,,,VIRTUAL,3
133143986397,MODIFIER,<empty>,,,VIRTUAL,3
133143986398,MODIFIER,<empty>,,,LAMBDA,4
133143986399,MODIFIER,<empty>,,,VIRTUAL,3
133143986400,MODIFIER,<empty>,,,VIRTUAL,4
133143986401,MODIFIER,<empty>,,,VIRTUAL,4
133143986402,MODIFIER,<empty>,,,VIRTUAL,5
133143986403,MODIFIER,<empty>,,,VIRTUAL,4
133143986404,MODIFIER,<empty>,,,VIRTUAL,5
133143986405,MODIFIER,<empty>,,,VIRTUAL,4
133143986406,MODIFIER,<empty>,,,LAMBDA,5
133143986407,MODIFIER,<empty>,,,VIRTUAL,5
133143986408,MODIFIER,<empty>,,,VIRTUAL,4
133143986409,MODIFIER,<empty>,,,VIRTUAL,5
133143986410,MODIFIER,<empty>,,,LAMBDA,6
133143986411,MODIFIER,<empty>,,,VIRTUAL,4
133143986412,MODIFIER,<empty>,,,VIRTUAL,4
133143986413,MODIFIER,<empty>,,,LAMBDA,5
133143986414,MODIFIER,<empty>,,,VIRTUAL,4
133143986415,MODIFIER,<empty>,,,LAMBDA,5
133143986416,MODIFIER,<empty>,,,VIRTUAL,5
133143986417,MODIFIER,<empty>,,,VIRTUAL,4
133143986418,MODIFIER,<empty>,,,VIRTUAL,4
133143986419,MODIFIER,<empty>,,,VIRTUAL,4
133143986420,MODIFIER,<empty>,,,VIRTUAL,4
133143986421,MODIFIER,<empty>,,,VIRTUAL,3
133143986422,MODIFIER,<empty>,,,VIRTUAL,7
133143986423,MODIFIER,<empty>,,,VIRTUAL,4
133143986424,MODIFIER,<empty>,,,VIRTUAL,6
133143986425,MODIFIER,<empty>,,,VIRTUAL,3
133143986426,MODIFIER,<empty>,,,LAMBDA,4
133143986427,MODIFIER,<empty>,,,VIRTUAL,4
133143986428,MODIFIER,<empty>,,,VIRTUAL,3
133143986429,MODIFIER,<empty>,,,VIRTUAL,4
133143986430,MODIFIER,<empty>,,,VIRTUAL,6
133143986431,MODIFIER,<empty>,,,VIRTUAL,3
133143986432,MODIFIER,<empty>,,,VIRTUAL,3
133143986433,MODIFIER,<empty>,,,VIRTUAL,3
133143986434,MODIFIER,<empty>,,,LAMBDA,4
133143986435,MODIFIER,<empty>,,,VIRTUAL,3
133143986436,MODIFIER,<empty>,,,LAMBDA,4
133143986437,MODIFIER,<empty>,,,VIRTUAL,4
133143986438,MODIFIER,<empty>,,,VIRTUAL,3
133143986439,MODIFIER,<empty>,,,LAMBDA,4
133143986440,MODIFIER,<empty>,,,VIRTUAL,4
133143986441,MODIFIER,<empty>,,,VIRTUAL,3
133143986442,MODIFIER,<empty>,,,VIRTUAL,4
133143986443,MODIFIER,<empty>,,,LAMBDA,5
133143986444,MODIFIER,<empty>,,,VIRTUAL,3
133143986445,MODIFIER,<empty>,,,LAMBDA,4
133143986446,MODIFIER,<empty>,,,VIRTUAL,3
133143986447,MODIFIER,<empty>,,,LAMBDA,4
133143986448,MODIFIER,<empty>,,,VIRTUAL,3
133143986449,MODIFIER,<empty>,,,LAMBDA,4
133143986450,MODIFIER,<empty>,,,VIRTUAL,4
133143986451,MODIFIER,<empty>,,,LAMBDA,5
133143986452,MODIFIER,<empty>,,,VIRTUAL,4
133143986453,MODIFIER,<empty>,,,LAMBDA,5
133143986454,MODIFIER,<empty>,,,VIRTUAL,5
133143986455,MODIFIER,<empty>,,,LAMBDA,6
133143986456,MODIFIER,<empty>,,,VIRTUAL,5
133143986457,MODIFIER,<empty>,,,LAMBDA,6
133143986458,MODIFIER,<empty>,,,VIRTUAL,3
133143986459,MODIFIER,<empty>,,,LAMBDA,4
133143986460,MODIFIER,<empty>,,,VIRTUAL,3
133143986461,MODIFIER,<empty>,,,LAMBDA,4
133143986462,MODIFIER,<empty>,,,VIRTUAL,3
133143986463,MODIFIER,<empty>,,,VIRTUAL,4
133143986464,MODIFIER,<empty>,,,VIRTUAL,4
133143986465,MODIFIER,<empty>,,,LAMBDA,5
133143986466,MODIFIER,<empty>,,,VIRTUAL,3
133143986467,MODIFIER,<empty>,,,LAMBDA,4
133143986468,MODIFIER,<empty>,,,VIRTUAL,5
133143986469,MODIFIER,<empty>,,,VIRTUAL,6
133143986470,MODIFIER,<empty>,,,VIRTUAL,3
133143986471,MODIFIER,<empty>,,,VIRTUAL,4
133143986472,MODIFIER,<empty>,,,LAMBDA,5
133143986473,MODIFIER,<empty>,,,VIRTUAL,3
133143986474,MODIFIER,<empty>,,,VIRTUAL,3
133143986475,MODIFIER,<empty>,,,VIRTUAL,5
133143986476,MODIFIER,<empty>,,,VIRTUAL,5
133143986477,MODIFIER,<empty>,,,LAMBDA,6
133143986478,MODIFIER,<empty>,,,VIRTUAL,3
133143986479,MODIFIER,<empty>,,,LAMBDA,4
133143986480,MODIFIER,<empty>,,,VIRTUAL,4
133143986481,MODIFIER,<empty>,,,LAMBDA,5
133143986482,MODIFIER,<empty>,,,VIRTUAL,5
133143986483,MODIFIER,<empty>,,,VIRTUAL,3
133143986484,MODIFIER,<empty>,,,LAMBDA,4
133143986485,MODIFIER,<empty>,,,VIRTUAL,6
133143986486,MODIFIER,<empty>,,,VIRTUAL,4
133143986487,MODIFIER,<empty>,,,VIRTUAL,3
133143986488,MODIFIER,<empty>,,,VIRTUAL,5
133143986489,MODIFIER,<empty>,,,LAMBDA,6
133143986490,MODIFIER,<empty>,,,VIRTUAL,5
133143986491,MODIFIER,<empty>,,,VIRTUAL,3
133143986492,MODIFIER,<empty>,,,LAMBDA,4
133143986493,MODIFIER,<empty>,,,VIRTUAL,3
133143986494,MODIFIER,<empty>,,,VIRTUAL,6
133143986495,MODIFIER,<empty>,,,LAMBDA,7
133143986496,MODIFIER,<empty>,,,VIRTUAL,6
133143986497,MODIFIER,<empty>,,,VIRTUAL,3
133143986498,MODIFIER,<empty>,,,VIRTUAL,3
133143986499,MODIFIER,<empty>,,,LAMBDA,4
133143986500,MODIFIER,<empty>,,,VIRTUAL,5
133143986501,MODIFIER,<empty>,,,LAMBDA,6
133143986502,MODIFIER,<empty>,,,VIRTUAL,5
133143986503,MODIFIER,<empty>,,,LAMBDA,6
133143986504,MODIFIER,<empty>,,,VIRTUAL,6
133143986505,MODIFIER,<empty>,,,VIRTUAL,6
133143986506,MODIFIER,<empty>,,,VIRTUAL,6
133143986507,MODIFIER,<empty>,,,VIRTUAL,5
133143986508,MODIFIER,<empty>,,,VIRTUAL,4
133143986509,MODIFIER,<empty>,,,VIRTUAL,4
133143986510,MODIFIER,<empty>,,,VIRTUAL,4
133143986511,MODIFIER,<empty>,,,VIRTUAL,4
133143986512,MODIFIER,<empty>,,,VIRTUAL,4
133143986513,MODIFIER,<empty>,,,VIRTUAL,4
133143986514,MODIFIER,<empty>,,,VIRTUAL,5
133143986515,MODIFIER,<empty>,,,VIRTUAL,4
133143986516,MODIFIER,<empty>,,,VIRTUAL,5
133143986517,MODIFIER,<empty>,,,VIRTUAL,5
133143986518,MODIFIER,<empty>,,,VIRTUAL,4
133143986519,MODIFIER,<empty>,,,VIRTUAL,4
133143986520,MODIFIER,<empty>,,,VIRTUAL,5
133143986521,MODIFIER,<empty>,,,VIRTUAL,3
133143986522,MODIFIER,<empty>,,,VIRTUAL,3
133143986523,MODIFIER,<empty>,,,VIRTUAL,4
133143986524,MODIFIER,<empty>,,,VIRTUAL,3
133143986525,MODIFIER,<empty>,,,LAMBDA,4
133143986526,MODIFIER,<empty>,,,VIRTUAL,3
133143986527,MODIFIER,<empty>,,,VIRTUAL,3
133143986528,MODIFIER,<empty>,,,VIRTUAL,3
133143986529,MODIFIER,<empty>,,,VIRTUAL,4
133143986530,MODIFIER,<empty>,,,VIRTUAL,4
133143986531,MODIFIER,<empty>,,,VIRTUAL,3
133143986532,MODIFIER,<empty>,,,LAMBDA,4
133143986533,MODIFIER,<empty>,,,VIRTUAL,5
133143986534,MODIFIER,<empty>,,,VIRTUAL,3
133143986535,MODIFIER,<empty>,,,VIRTUAL,8
133143986536,MODIFIER,<empty>,,,VIRTUAL,5
133143986537,MODIFIER,<empty>,,,VIRTUAL,5
133143986538,MODIFIER,<empty>,,,VIRTUAL,3
133143986539,MODIFIER,<empty>,,,VIRTUAL,7
133143986540,MODIFIER,<empty>,,,VIRTUAL,3
133143986541,MODIFIER,<empty>,,,VIRTUAL,5
133143986542,MODIFIER,<empty>,,,VIRTUAL,3
133143986543,MODIFIER,<empty>,,,VIRTUAL,7
133143986544,MODIFIER,<empty>,,,VIRTUAL,3
133143986545,MODIFIER,<empty>,,,VIRTUAL,5
133143986546,MODIFIER,<empty>,,,LAMBDA,6
133143986547,MODIFIER,<empty>,,,VIRTUAL,5
133143986548,MODIFIER,<empty>,,,VIRTUAL,3
133143986549,MODIFIER,<empty>,,,LAMBDA,4
133143986550,MODIFIER,<empty>,,,VIRTUAL,4
133143986551,MODIFIER,<empty>,,,LAMBDA,5
133143986552,MODIFIER,<empty>,,,VIRTUAL,3
133143986553,MODIFIER,<empty>,,,LAMBDA,4
133143986554,MODIFIER,<empty>,,,VIRTUAL,4
133143986555,MODIFIER,<empty>,,,VIRTUAL,3
133143986556,MODIFIER,<empty>,,,VIRTUAL,4
133143986557,MODIFIER,<empty>,,,VIRTUAL,4
133143986558,MODIFIER,<empty>,,,VIRTUAL,3
133143986559,MODIFIER,<empty>,,,LAMBDA,4
133143986560,MODIFIER,<empty>,,,VIRTUAL,3
133143986561,MODIFIER,<empty>,,,VIRTUAL,5
133143986562,MODIFIER,<empty>,,,VIRTUAL,4
133143986563,MODIFIER,<empty>,,,LAMBDA,5
133143986564,MODIFIER,<empty>,,,VIRTUAL,4
133143986565,MODIFIER,<empty>,,,VIRTUAL,4
133143986566,MODIFIER,<empty>,,,VIRTUAL,4
133143986567,MODIFIER,<empty>,,,VIRTUAL,5
133143986568,MODIFIER,<empty>,,,LAMBDA,6
133143986569,MODIFIER,<empty>,,,VIRTUAL,4
133143986570,MODIFIER,<empty>,,,VIRTUAL,4
133143986571,MODIFIER,<empty>,,,VIRTUAL,3
133143986572,MODIFIER,<empty>,,,LAMBDA,4
133143986573,MODIFIER,<empty>,,,VIRTUAL,3
133143986574,MODIFIER,<empty>,,,VIRTUAL,3
133143986575,MODIFIER,<empty>,,,LAMBDA,4
133143986576,MODIFIER,<empty>,,,VIRTUAL,3
133143986577,MODIFIER,<empty>,,,VIRTUAL,3
133143986578,MODIFIER,<empty>,,,LAMBDA,4
133143986579,MODIFIER,<empty>,,,VIRTUAL,3
133143986580,MODIFIER,<empty>,,,LAMBDA,4
133143986581,MODIFIER,<empty>,,,VIRTUAL,5
133143986582,MODIFIER,<empty>,,,VIRTUAL,4
133143986583,MODIFIER,<empty>,,,LAMBDA,5
133143986584,MODIFIER,<empty>,,,VIRTUAL,4
133143986585,MODIFIER,<empty>,,,VIRTUAL,4
133143986586,MODIFIER,<empty>,,,VIRTUAL,4
133143986587,MODIFIER,<empty>,,,LAMBDA,5
133143986588,MODIFIER,<empty>,,,VIRTUAL,4
133143986589,MODIFIER,<empty>,,,VIRTUAL,4
133143986590,MODIFIER,<empty>,,,LAMBDA,5
133143986591,MODIFIER,<empty>,,,VIRTUAL,4
133143986592,MODIFIER,<empty>,,,VIRTUAL,3
133143986593,MODIFIER,<empty>,,,VIRTUAL,4
133143986594,MODIFIER,<empty>,,,LAMBDA,5
133143986595,MODIFIER,<empty>,,,VIRTUAL,5
133143986596,MODIFIER,<empty>,,,VIRTUAL,4
133143986597,MODIFIER,<empty>,,,VIRTUAL,4
133143986598,MODIFIER,<empty>,,,VIRTUAL,3
133143986599,MODIFIER,<empty>,,,LAMBDA,4
133143986600,MODIFIER,<empty>,,,VIRTUAL,4
133143986601,MODIFIER,<empty>,,,VIRTUAL,5
133143986602,MODIFIER,<empty>,,,LAMBDA,6
133143986603,MODIFIER,<empty>,,,VIRTUAL,5
133143986604,MODIFIER,<empty>,,,VIRTUAL,5
133143986605,MODIFIER,<empty>,,,VIRTUAL,4
133143986606,MODIFIER,<empty>,,,VIRTUAL,3
133143986607,MODIFIER,<empty>,,,VIRTUAL,4
133143986608,MODIFIER,<empty>,,,VIRTUAL,3
133143986609,MODIFIER,<empty>,,,VIRTUAL,7
133143986610,MODIFIER,<empty>,,,VIRTUAL,3
133143986611,MODIFIER,<empty>,,,LAMBDA,4
133143986612,MODIFIER,<empty>,,,VIRTUAL,3
133143986613,MODIFIER,<empty>,,,LAMBDA,4
133143986614,MODIFIER,<empty>,,,VIRTUAL,3
133143986615,MODIFIER,<empty>,,,VIRTUAL,3
133143986616,MODIFIER,<empty>,,,VIRTUAL,3
133143986617,MODIFIER,<empty>,,,VIRTUAL,5
133143986618,MODIFIER,<empty>,,,LAMBDA,6
133143986619,MODIFIER,<empty>,,,VIRTUAL,5
133143986620,MODIFIER,<empty>,,,VIRTUAL,3
133143986621,MODIFIER,<empty>,,,LAMBDA,4
133143986622,MODIFIER,<empty>,,,VIRTUAL,3
133143986623,MODIFIER,<empty>,,,VIRTUAL,6
133143986624,MODIFIER,<empty>,,,VIRTUAL,3
133143986625,MODIFIER,<empty>,,,VIRTUAL,4
133143986626,MODIFIER,<empty>,,,LAMBDA,5
133143986627,MODIFIER,<empty>,,,VIRTUAL,4
133143986628,MODIFIER,<empty>,,,LAMBDA,5
133143986629,MODIFIER,<empty>,,,VIRTUAL,4
133143986630,MODIFIER,<empty>,,,LAMBDA,5
133143986631,MODIFIER,<empty>,,,VIRTUAL,4
133143986632,MODIFIER,<empty>,,,VIRTUAL,4
133143986633,MODIFIER,<empty>,,,LAMBDA,5
133143986634,MODIFIER,<empty>,,,VIRTUAL,3
133143986635,MODIFIER,<empty>,,,LAMBDA,4
133143986636,MODIFIER,<empty>,,,VIRTUAL,4
133143986637,MODIFIER,<empty>,,,LAMBDA,5
133143986638,MODIFIER,<empty>,,,VIRTUAL,4
133143986639,MODIFIER,<empty>,,,LAMBDA,5
133143986640,MODIFIER,<empty>,,,VIRTUAL,4
133143986641,MODIFIER,<empty>,,,LAMBDA,5
133143986642,MODIFIER,<empty>,,,VIRTUAL,4
133143986643,MODIFIER,<empty>,,,LAMBDA,5
133143986644,MODIFIER,<empty>,,,VIRTUAL,3
133143986645,MODIFIER,<empty>,,,LAMBDA,4
133143986646,MODIFIER,<empty>,,,VIRTUAL,3
133143986647,MODIFIER,<empty>,,,LAMBDA,4
133143986648,MODIFIER,<empty>,,,VIRTUAL,4
133143986649,MODIFIER,<empty>,,,LAMBDA,5
133143986650,MODIFIER,<empty>,,,VIRTUAL,4
133143986651,MODIFIER,<empty>,,,LAMBDA,5
133143986652,MODIFIER,<empty>,,,VIRTUAL,4
133143986653,MODIFIER,<empty>,,,VIRTUAL,3
133143986654,MODIFIER,<empty>,,,LAMBDA,4
133143986655,MODIFIER,<empty>,,,VIRTUAL,4
133143986656,MODIFIER,<empty>,,,LAMBDA,5
133143986657,MODIFIER,<empty>,,,VIRTUAL,4
133143986658,MODIFIER,<empty>,,,VIRTUAL,5
133143986659,MODIFIER,<empty>,,,VIRTUAL,4
133143986660,MODIFIER,<empty>,,,VIRTUAL,5
133143986661,MODIFIER,<empty>,,,LAMBDA,6
133143986662,MODIFIER,<empty>,,,VIRTUAL,4
133143986663,MODIFIER,<empty>,,,VIRTUAL,3
133143986664,MODIFIER,<empty>,,,LAMBDA,4
133143986665,MODIFIER,<empty>,,,VIRTUAL,3
133143986666,MODIFIER,<empty>,,,VIRTUAL,5
133143986667,MODIFIER,<empty>,,,LAMBDA,6
133143986668,MODIFIER,<empty>,,,VIRTUAL,5
133143986669,MODIFIER,<empty>,,,VIRTUAL,3
133143986670,MODIFIER,<empty>,,,LAMBDA,4
133143986671,MODIFIER,<empty>,,,VIRTUAL,5
133143986672,MODIFIER,<empty>,,,LAMBDA,6
133143986673,MODIFIER,<empty>,,,VIRTUAL,3
133143986674,MODIFIER,<empty>,,,LAMBDA,4
133143986675,MODIFIER,<empty>,,,VIRTUAL,3
133143986676,MODIFIER,<empty>,,,LAMBDA,4
133143986677,MODIFIER,<empty>,,,VIRTUAL,4
133143986678,MODIFIER,<empty>,,,LAMBDA,5
133143986679,MODIFIER,<empty>,,,VIRTUAL,4
133143986680,MODIFIER,<empty>,,,LAMBDA,5
133143986681,MODIFIER,<empty>,,,VIRTUAL,4
133143986682,MODIFIER,<empty>,,,LAMBDA,5
133143986683,MODIFIER,<empty>,,,VIRTUAL,4
133143986684,MODIFIER,<empty>,,,LAMBDA,5
133143986685,MODIFIER,<empty>,,,VIRTUAL,4
133143986686,MODIFIER,<empty>,,,LAMBDA,5
133143986687,MODIFIER,<empty>,,,VIRTUAL,4
133143986688,MODIFIER,<empty>,,,LAMBDA,5
133143986689,MODIFIER,<empty>,,,VIRTUAL,4
133143986690,MODIFIER,<empty>,,,LAMBDA,5
133143986691,MODIFIER,<empty>,,,VIRTUAL,4
133143986692,MODIFIER,<empty>,,,LAMBDA,5
133143986693,MODIFIER,<empty>,,,VIRTUAL,4
133143986694,MODIFIER,<empty>,,,LAMBDA,5
133143986695,MODIFIER,<empty>,,,VIRTUAL,4
133143986696,MODIFIER,<empty>,,,LAMBDA,5
133143986697,MODIFIER,<empty>,,,VIRTUAL,4
133143986698,MODIFIER,<empty>,,,VIRTUAL,4
133143986699,MODIFIER,<empty>,,,LAMBDA,5
133143986700,MODIFIER,<empty>,,,VIRTUAL,4
133143986701,MODIFIER,<empty>,,,VIRTUAL,4
133143986702,MODIFIER,<empty>,,,VIRTUAL,4
133143986703,MODIFIER,<empty>,,,VIRTUAL,3
133143986704,MODIFIER,<empty>,,,VIRTUAL,3
133143986705,MODIFIER,<empty>,,,VIRTUAL,3
133143986706,MODIFIER,<empty>,,,VIRTUAL,4
133143986707,MODIFIER,<empty>,,,VIRTUAL,3
133143986708,MODIFIER,<empty>,,,VIRTUAL,4
133143986709,MODIFIER,<empty>,,,VIRTUAL,4
133143986710,MODIFIER,<empty>,,,VIRTUAL,3
133143986711,MODIFIER,<empty>,,,VIRTUAL,4
133143986712,MODIFIER,<empty>,,,VIRTUAL,4
133143986713,MODIFIER,<empty>,,,LAMBDA,5
133143986714,MODIFIER,<empty>,,,VIRTUAL,4
133143986715,MODIFIER,<empty>,,,LAMBDA,5
133143986716,MODIFIER,<empty>,,,VIRTUAL,4
133143986717,MODIFIER,<empty>,,,LAMBDA,5
133143986718,MODIFIER,<empty>,,,VIRTUAL,4
133143986719,MODIFIER,<empty>,,,LAMBDA,5
133143986720,MODIFIER,<empty>,,,VIRTUAL,4
133143986721,MODIFIER,<empty>,,,LAMBDA,5
133143986722,MODIFIER,<empty>,,,VIRTUAL,4
133143986723,MODIFIER,<empty>,,,LAMBDA,5
133143986724,MODIFIER,<empty>,,,VIRTUAL,3
133143986725,MODIFIER,<empty>,,,VIRTUAL,3
133143986726,MODIFIER,<empty>,,,LAMBDA,4
133143986727,MODIFIER,<empty>,,,VIRTUAL,3
133143986728,MODIFIER,<empty>,,,VIRTUAL,4
133143986729,MODIFIER,<empty>,,,LAMBDA,5
133143986730,MODIFIER,<empty>,,,VIRTUAL,8
133143986731,MODIFIER,<empty>,,,VIRTUAL,4
133143986732,MODIFIER,<empty>,,,VIRTUAL,5
133143986733,MODIFIER,<empty>,,,VIRTUAL,4
133143986734,MODIFIER,<empty>,,,VIRTUAL,5
133143986735,MODIFIER,<empty>,,,VIRTUAL,5
133143986736,MODIFIER,<empty>,,,LAMBDA,6
133143986737,MODIFIER,<empty>,,,VIRTUAL,5
133143986738,MODIFIER,<empty>,,,VIRTUAL,4
133143986739,MODIFIER,<empty>,,,VIRTUAL,4
133143986740,MODIFIER,<empty>,,,VIRTUAL,4
133143986741,MODIFIER,<empty>,,,VIRTUAL,3
133143986742,MODIFIER,<empty>,,,VIRTUAL,5
133143986743,MODIFIER,<empty>,,,VIRTUAL,5
133143986744,MODIFIER,<empty>,,,LAMBDA,6
133143986745,MODIFIER,<empty>,,,VIRTUAL,4
133143986746,MODIFIER,<empty>,,,VIRTUAL,5
133143986747,MODIFIER,<empty>,,,LAMBDA,6
133143986748,MODIFIER,<empty>,,,VIRTUAL,4
133143986749,MODIFIER,<empty>,,,VIRTUAL,4
133143986750,MODIFIER,<empty>,,,LAMBDA,5
133143986751,MODIFIER,<empty>,,,VIRTUAL,5
133143986752,MODIFIER,<empty>,,,VIRTUAL,3
133143986753,MODIFIER,<empty>,,,LAMBDA,4
133143986754,MODIFIER,<empty>,,,VIRTUAL,4
133143986755,MODIFIER,<empty>,,,VIRTUAL,6
133143986756,MODIFIER,<empty>,,,VIRTUAL,4
133143986757,MODIFIER,<empty>,,,LAMBDA,5
133143986758,MODIFIER,<empty>,,,VIRTUAL,3
133143986759,MODIFIER,<empty>,,,LAMBDA,4
133143986760,MODIFIER,<empty>,,,VIRTUAL,4
133143986761,MODIFIER,<empty>,,,LAMBDA,5
133143986762,MODIFIER,<empty>,,,VIRTUAL,3
133143986763,MODIFIER,<empty>,,,VIRTUAL,5
133143986764,MODIFIER,<empty>,,,VIRTUAL,4
133143986765,MODIFIER,<empty>,,,LAMBDA,5
133143986766,MODIFIER,<empty>,,,VIRTUAL,3
133143986767,MODIFIER,<empty>,,,LAMBDA,4
133143986768,MODIFIER,<empty>,,,VIRTUAL,4
133143986769,MODIFIER,<empty>,,,LAMBDA,5
133143986770,MODIFIER,<empty>,,,VIRTUAL,3
133143986771,MODIFIER,<empty>,,,VIRTUAL,3
133143986772,MODIFIER,<empty>,,,LAMBDA,4
133143986773,MODIFIER,<empty>,,,VIRTUAL,3
133143986774,MODIFIER,<empty>,,,LAMBDA,4
133143986775,MODIFIER,<empty>,,,VIRTUAL,4
133143986776,MODIFIER,<empty>,,,LAMBDA,5
133143986777,MODIFIER,<empty>,,,VIRTUAL,3
133143986778,MODIFIER,<empty>,,,VIRTUAL,3
133143986779,MODIFIER,<empty>,,,LAMBDA,4
133143986780,MODIFIER,<empty>,,,VIRTUAL,4
133143986781,MODIFIER,<empty>,,,LAMBDA,5
133143986782,MODIFIER,<empty>,,,VIRTUAL,3
133143986783,MODIFIER,<empty>,,,VIRTUAL,4
133143986784,MODIFIER,<empty>,,,LAMBDA,5
133143986785,MODIFIER,<empty>,,,VIRTUAL,4
133143986786,MODIFIER,<empty>,,,LAMBDA,5
133143986787,MODIFIER,<empty>,,,VIRTUAL,3
133143986788,MODIFIER,<empty>,,,LAMBDA,4
133143986789,MODIFIER,<empty>,,,VIRTUAL,3
133143986790,MODIFIER,<empty>,,,LAMBDA,4
133143986791,MODIFIER,<empty>,,,VIRTUAL,6
133143986792,MODIFIER,<empty>,,,LAMBDA,7
133143986793,MODIFIER,<empty>,,,VIRTUAL,4
133143986794,MODIFIER,<empty>,,,LAMBDA,5
133143986795,MODIFIER,<empty>,,,VIRTUAL,3
133143986796,MODIFIER,<empty>,,,LAMBDA,4
133143986797,MODIFIER,<empty>,,,VIRTUAL,4
133143986798,MODIFIER,<empty>,,,LAMBDA,5
133143986799,MODIFIER,<empty>,,,VIRTUAL,3
133143986800,MODIFIER,<empty>,,,VIRTUAL,4
133143986801,MODIFIER,<empty>,,,VIRTUAL,5
133143986802,MODIFIER,<empty>,,,VIRTUAL,3
133143986803,MODIFIER,<empty>,,,LAMBDA,4
133143986804,MODIFIER,<empty>,,,VIRTUAL,4
133143986805,MODIFIER,<empty>,,,LAMBDA,5
133143986806,MODIFIER,<empty>,,,VIRTUAL,3
133143986807,MODIFIER,<empty>,,,VIRTUAL,4
133143986808,MODIFIER,<empty>,,,LAMBDA,5
133143986809,MODIFIER,<empty>,,,VIRTUAL,5
133143986810,MODIFIER,<empty>,,,LAMBDA,6
133143986811,MODIFIER,<empty>,,,VIRTUAL,3
133143986812,MODIFIER,<empty>,,,LAMBDA,4
133143986813,MODIFIER,<empty>,,,VIRTUAL,5
133143986814,MODIFIER,<empty>,,,VIRTUAL,3
133143986815,MODIFIER,<empty>,,,LAMBDA,4
133143986816,MODIFIER,<empty>,,,VIRTUAL,3
133143986817,MODIFIER,<empty>,,,VIRTUAL,5
133143986818,MODIFIER,<empty>,,,LAMBDA,6
133143986819,MODIFIER,<empty>,,,VIRTUAL,5
133143986820,MODIFIER,<empty>,,,VIRTUAL,5
133143986821,MODIFIER,<empty>,,,LAMBDA,6
133143986822,MODIFIER,<empty>,,,VIRTUAL,5
133143986823,MODIFIER,<empty>,,,VIRTUAL,3
133143986824,MODIFIER,<empty>,,,LAMBDA,4
133143986825,MODIFIER,<empty>,,,VIRTUAL,3
133143986826,MODIFIER,<empty>,,,LAMBDA,4
133143986827,MODIFIER,<empty>,,,VIRTUAL,3
133143986828,MODIFIER,<empty>,,,LAMBDA,4
133143986829,MODIFIER,<empty>,,,VIRTUAL,3
133143986830,MODIFIER,<empty>,,,LAMBDA,4
133143986831,MODIFIER,<empty>,,,VIRTUAL,3
133143986832,MODIFIER,<empty>,,,LAMBDA,4
133143986833,MODIFIER,<empty>,,,VIRTUAL,3
133143986834,MODIFIER,<empty>,,,LAMBDA,4
133143986835,MODIFIER,<empty>,,,VIRTUAL,3
133143986836,MODIFIER,<empty>,,,LAMBDA,4
133143986837,MODIFIER,<empty>,,,VIRTUAL,3
133143986838,MODIFIER,<empty>,,,LAMBDA,4
133143986839,MODIFIER,<empty>,,,VIRTUAL,3
133143986840,MODIFIER,<empty>,,,LAMBDA,4
133143986841,MODIFIER,<empty>,,,VIRTUAL,3
133143986842,MODIFIER,<empty>,,,LAMBDA,4
133143986843,MODIFIER,<empty>,,,VIRTUAL,3
133143986844,MODIFIER,<empty>,,,LAMBDA,4
133143986845,MODIFIER,<empty>,,,VIRTUAL,4
133143986846,MODIFIER,<empty>,,,LAMBDA,5
133143986847,MODIFIER,<empty>,,,VIRTUAL,3
133143986848,MODIFIER,<empty>,,,LAMBDA,4
133143986849,MODIFIER,<empty>,,,VIRTUAL,4
133143986850,MODIFIER,<empty>,,,VIRTUAL,5
133143986851,MODIFIER,<empty>,,,VIRTUAL,3
133143986852,MODIFIER,<empty>,,,LAMBDA,4
133143986853,MODIFIER,<empty>,,,VIRTUAL,3
133143986854,MODIFIER,<empty>,,,VIRTUAL,4
133143986855,MODIFIER,<empty>,,,VIRTUAL,4
133143986856,MODIFIER,<empty>,,,LAMBDA,5
133143986857,MODIFIER,<empty>,,,VIRTUAL,5
133143986858,MODIFIER,<empty>,,,LAMBDA,6
133143986859,MODIFIER,<empty>,,,VIRTUAL,3
133143986860,MODIFIER,<empty>,,,LAMBDA,4
133143986861,MODIFIER,<empty>,,,VIRTUAL,4
133143986862,MODIFIER,<empty>,,,LAMBDA,5
133143986863,MODIFIER,<empty>,,,VIRTUAL,6
133143986864,MODIFIER,<empty>,,,VIRTUAL,3
133143986865,MODIFIER,<empty>,,,LAMBDA,4
133143986866,MODIFIER,<empty>,,,VIRTUAL,3
133143986867,MODIFIER,<empty>,,,VIRTUAL,6
133143986868,MODIFIER,<empty>,,,LAMBDA,7
133143986869,MODIFIER,<empty>,,,VIRTUAL,3
133143986870,MODIFIER,<empty>,,,VIRTUAL,4
133143986871,MODIFIER,<empty>,,,VIRTUAL,6
133143986872,MODIFIER,<empty>,,,LAMBDA,7
133143986873,MODIFIER,<empty>,,,VIRTUAL,3
133143986874,MODIFIER,<empty>,,,VIRTUAL,6
133143986875,MODIFIER,<empty>,,,LAMBDA,7
133143986876,MODIFIER,<empty>,,,VIRTUAL,3
133143986877,MODIFIER,<empty>,,,VIRTUAL,6
133143986878,MODIFIER,<empty>,,,LAMBDA,7
133143986879,MODIFIER,<empty>,,,VIRTUAL,3
133143986880,MODIFIER,<empty>,,,VIRTUAL,5
133143986881,MODIFIER,<empty>,,,LAMBDA,6
133143986882,MODIFIER,<empty>,,,VIRTUAL,5
133143986883,MODIFIER,<empty>,,,VIRTUAL,4
133143986884,MODIFIER,<empty>,,,VIRTUAL,6
133143986885,MODIFIER,<empty>,,,LAMBDA,7
133143986886,MODIFIER,<empty>,,,VIRTUAL,3
133143986887,MODIFIER,<empty>,,,VIRTUAL,6
133143986888,MODIFIER,<empty>,,,LAMBDA,7
133143986889,MODIFIER,<empty>,,,VIRTUAL,3
133143986890,MODIFIER,<empty>,,,VIRTUAL,6
133143986891,MODIFIER,<empty>,,,LAMBDA,7
133143986892,MODIFIER,<empty>,,,VIRTUAL,3
133143986893,MODIFIER,<empty>,,,VIRTUAL,6
133143986894,MODIFIER,<empty>,,,LAMBDA,7
133143986895,MODIFIER,<empty>,,,VIRTUAL,3
133143986896,MODIFIER,<empty>,,,VIRTUAL,6
133143986897,MODIFIER,<empty>,,,LAMBDA,7
133143986898,MODIFIER,<empty>,,,VIRTUAL,3
133143986899,MODIFIER,<empty>,,,VIRTUAL,6
133143986900,MODIFIER,<empty>,,,LAMBDA,7
133143986901,MODIFIER,<empty>,,,VIRTUAL,3
133143986902,MODIFIER,<empty>,,,VIRTUAL,4
133143986903,MODIFIER,<empty>,,,LAMBDA,5
133143986904,MODIFIER,<empty>,,,VIRTUAL,4
133143986905,MODIFIER,<empty>,,,VIRTUAL,3
133143986906,MODIFIER,<empty>,,,LAMBDA,4
133143986907,MODIFIER,<empty>,,,VIRTUAL,3
133143986908,MODIFIER,<empty>,,,VIRTUAL,5
133143986909,MODIFIER,<empty>,,,LAMBDA,6
133143986910,MODIFIER,<empty>,,,VIRTUAL,5
133143986911,MODIFIER,<empty>,,,VIRTUAL,4
133143986912,MODIFIER,<empty>,,,LAMBDA,5
133143986913,MODIFIER,<empty>,,,VIRTUAL,4
133143986914,MODIFIER,<empty>,,,LAMBDA,5
133143986915,MODIFIER,<empty>,,,VIRTUAL,4
133143986916,MODIFIER,<empty>,,,VIRTUAL,3
133143986917,MODIFIER,<empty>,,,LAMBDA,4
133143986918,MODIFIER,<empty>,,,VIRTUAL,3
133143986919,MODIFIER,<empty>,,,LAMBDA,4
133143986920,MODIFIER,<empty>,,,VIRTUAL,3
133143986921,MODIFIER,<empty>,,,LAMBDA,4
133143986922,MODIFIER,<empty>,,,VIRTUAL,3
133143986923,MODIFIER,<empty>,,,LAMBDA,4
133143986924,MODIFIER,<empty>,,,VIRTUAL,3
133143986925,MODIFIER,<empty>,,,LAMBDA,4
133143986926,MODIFIER,<empty>,,,VIRTUAL,3
133143986927,MODIFIER,<empty>,,,LAMBDA,4
133143986928,MODIFIER,<empty>,,,VIRTUAL,3
133143986929,MODIFIER,<empty>,,,LAMBDA,4
133143986930,MODIFIER,<empty>,,,VIRTUAL,3
133143986931,MODIFIER,<empty>,,,LAMBDA,4
133143986932,MODIFIER,<empty>,,,VIRTUAL,3
133143986933,MODIFIER,<empty>,,,LAMBDA,4
133143986934,MODIFIER,<empty>,,,VIRTUAL,3
133143986935,MODIFIER,<empty>,,,LAMBDA,4
133143986936,MODIFIER,<empty>,,,VIRTUAL,3
133143986937,MODIFIER,<empty>,,,LAMBDA,4
133143986938,MODIFIER,<empty>,,,VIRTUAL,3
133143986939,MODIFIER,<empty>,,,LAMBDA,4
133143986940,MODIFIER,<empty>,,,VIRTUAL,3
133143986941,MODIFIER,<empty>,,,LAMBDA,4
133143986942,MODIFIER,<empty>,,,VIRTUAL,3
133143986943,MODIFIER,<empty>,,,LAMBDA,4
133143986944,MODIFIER,<empty>,,,VIRTUAL,5
133143986945,MODIFIER,<empty>,,,LAMBDA,6
133143986946,MODIFIER,<empty>,,,VIRTUAL,3
133143986947,MODIFIER,<empty>,,,LAMBDA,4
133143986948,MODIFIER,<empty>,,,VIRTUAL,4
133143986949,MODIFIER,<empty>,,,VIRTUAL,3
133143986950,MODIFIER,<empty>,,,LAMBDA,4
133143986951,MODIFIER,<empty>,,,VIRTUAL,3
133143986952,MODIFIER,<empty>,,,LAMBDA,4
133143986953,MODIFIER,<empty>,,,VIRTUAL,3
133143986954,MODIFIER,<empty>,,,LAMBDA,4
133143986955,MODIFIER,<empty>,,,VIRTUAL,3
133143986956,MODIFIER,<empty>,,,LAMBDA,4
133143986957,MODIFIER,<empty>,,,VIRTUAL,4
133143986958,MODIFIER,<empty>,,,VIRTUAL,4
133143986959,MODIFIER,<empty>,,,LAMBDA,5
133143986960,MODIFIER,<empty>,,,VIRTUAL,3
133143986961,MODIFIER,<empty>,,,LAMBDA,4
133143986962,MODIFIER,<empty>,,,VIRTUAL,4
133143986963,MODIFIER,<empty>,,,LAMBDA,5
133143986964,MODIFIER,<empty>,,,VIRTUAL,3
133143986965,MODIFIER,<empty>,,,LAMBDA,4
133143986966,MODIFIER,<empty>,,,VIRTUAL,3
133143986967,MODIFIER,<empty>,,,LAMBDA,4
133143986968,MODIFIER,<empty>,,,VIRTUAL,4
133143986969,MODIFIER,<empty>,,,VIRTUAL,3
133143986970,MODIFIER,<empty>,,,LAMBDA,4
133143986971,MODIFIER,<empty>,,,VIRTUAL,7
133143986972,MODIFIER,<empty>,,,VIRTUAL,4
133143986973,MODIFIER,<empty>,,,VIRTUAL,3
133143986974,MODIFIER,<empty>,,,LAMBDA,4
133143986975,MODIFIER,<empty>,,,VIRTUAL,3
133143986976,MODIFIER,<empty>,,,LAMBDA,4
133143986977,MODIFIER,<empty>,,,VIRTUAL,4
133143986978,MODIFIER,<empty>,,,VIRTUAL,4
133143986979,MODIFIER,<empty>,,,VIRTUAL,3
133143986980,MODIFIER,<empty>,,,LAMBDA,4
133143986981,MODIFIER,<empty>,,,VIRTUAL,3
133143986982,MODIFIER,<empty>,,,LAMBDA,4
133143986983,MODIFIER,<empty>,,,VIRTUAL,3
133143986984,MODIFIER,<empty>,,,LAMBDA,4
133143986985,MODIFIER,<empty>,,,VIRTUAL,3
133143986986,MODIFIER,<empty>,,,LAMBDA,4
133143986987,MODIFIER,<empty>,,,VIRTUAL,3
133143986988,MODIFIER,<empty>,,,LAMBDA,4
133143986989,MODIFIER,<empty>,,,VIRTUAL,4
133143986990,MODIFIER,<empty>,,,VIRTUAL,4
133143986991,MODIFIER,<empty>,,,VIRTUAL,4
133143986992,MODIFIER,<empty>,,,VIRTUAL,3
133143986993,MODIFIER,<empty>,,,LAMBDA,4
133143986994,MODIFIER,<empty>,,,VIRTUAL,3
133143986995,MODIFIER,<empty>,,,LAMBDA,4
133143986996,MODIFIER,<empty>,,,VIRTUAL,4
133143986997,MODIFIER,<empty>,,,LAMBDA,5
133143986998,MODIFIER,<empty>,,,VIRTUAL,3
133143986999,MODIFIER,<empty>,,,LAMBDA,4
133143987000,MODIFIER,<empty>,,,VIRTUAL,3
133143987001,MODIFIER,<empty>,,,LAMBDA,4
133143987002,MODIFIER,<empty>,,,VIRTUAL,4
133143987003,MODIFIER,<empty>,,,LAMBDA,5
133143987004,MODIFIER,<empty>,,,VIRTUAL,4
133143987005,MODIFIER,<empty>,,,LAMBDA,5
133143987006,MODIFIER,<empty>,,,VIRTUAL,3
133143987007,MODIFIER,<empty>,,,LAMBDA,4
133143987008,MODIFIER,<empty>,,,VIRTUAL,3
133143987009,MODIFIER,<empty>,,,LAMBDA,4
133143987010,MODIFIER,<empty>,,,VIRTUAL,3
133143987011,MODIFIER,<empty>,,,LAMBDA,4
133143987012,MODIFIER,<empty>,,,VIRTUAL,4
133143987013,MODIFIER,<empty>,,,VIRTUAL,4
133143987014,MODIFIER,<empty>,,,VIRTUAL,3
133143987015,MODIFIER,<empty>,,,LAMBDA,4
133143987016,MODIFIER,<empty>,,,VIRTUAL,4
133143987017,MODIFIER,<empty>,,,VIRTUAL,4
133143987018,MODIFIER,<empty>,,,VIRTUAL,4
133143987019,MODIFIER,<empty>,,,VIRTUAL,4
133143987020,MODIFIER,<empty>,,,VIRTUAL,3
133143987021,MODIFIER,<empty>,,,VIRTUAL,4
133143987022,MODIFIER,<empty>,,,LAMBDA,5
133143987023,MODIFIER,<empty>,,,VIRTUAL,3
133143987024,MODIFIER,<empty>,,,LAMBDA,4
133143987025,MODIFIER,<empty>,,,VIRTUAL,3
133143987026,MODIFIER,<empty>,,,LAMBDA,4
133143987027,MODIFIER,<empty>,,,VIRTUAL,4
133143987028,MODIFIER,<empty>,,,LAMBDA,5
133143987029,MODIFIER,<empty>,,,VIRTUAL,4
133143987030,MODIFIER,<empty>,,,LAMBDA,5
133143987031,MODIFIER,<empty>,,,VIRTUAL,5
133143987032,MODIFIER,<empty>,,,LAMBDA,6
133143987033,MODIFIER,<empty>,,,VIRTUAL,3
133143987034,MODIFIER,<empty>,,,LAMBDA,4
133143987035,MODIFIER,<empty>,,,VIRTUAL,4
133143987036,MODIFIER,<empty>,,,LAMBDA,5
133143987037,MODIFIER,<empty>,,,VIRTUAL,3
133143987038,MODIFIER,<empty>,,,VIRTUAL,3
133143987039,MODIFIER,<empty>,,,VIRTUAL,3
133143987040,MODIFIER,<empty>,,,LAMBDA,4
133143987041,MODIFIER,<empty>,,,VIRTUAL,3
133143987042,MODIFIER,<empty>,,,LAMBDA,4
133143987043,MODIFIER,<empty>,,,VIRTUAL,3
133143987044,MODIFIER,<empty>,,,VIRTUAL,4
133143987045,MODIFIER,<empty>,,,VIRTUAL,5
133143987046,MODIFIER,<empty>,,,VIRTUAL,4
133143987047,MODIFIER,<empty>,,,LAMBDA,5
133143987048,MODIFIER,<empty>,,,VIRTUAL,4
133143987049,MODIFIER,<empty>,,,VIRTUAL,4
133143987050,MODIFIER,<empty>,,,LAMBDA,5
133143987051,MODIFIER,<empty>,,,VIRTUAL,4
133143987052,MODIFIER,<empty>,,,VIRTUAL,4
133143987053,MODIFIER,<empty>,,,LAMBDA,5
133143987054,MODIFIER,<empty>,,,VIRTUAL,3
133143987055,MODIFIER,<empty>,,,VIRTUAL,4
133143987056,MODIFIER,<empty>,,,VIRTUAL,3
133143987057,MODIFIER,<empty>,,,VIRTUAL,4
133143987058,MODIFIER,<empty>,,,LAMBDA,5
133143987059,MODIFIER,<empty>,,,VIRTUAL,4
133143987060,MODIFIER,<empty>,,,LAMBDA,5
133143987061,MODIFIER,<empty>,,,VIRTUAL,4
133143987062,MODIFIER,<empty>,,,VIRTUAL,3
133143987063,MODIFIER,<empty>,,,LAMBDA,4
133143987064,MODIFIER,<empty>,,,VIRTUAL,4
133143987065,MODIFIER,<empty>,,,LAMBDA,5
133143987066,MODIFIER,<empty>,,,VIRTUAL,3
133143987067,MODIFIER,<empty>,,,LAMBDA,4
133143987068,MODIFIER,<empty>,,,VIRTUAL,3
133143987069,MODIFIER,<empty>,,,VIRTUAL,3
133143987070,MODIFIER,<empty>,,,LAMBDA,4
133143987071,MODIFIER,<empty>,,,VIRTUAL,3
133143987072,MODIFIER,<empty>,,,LAMBDA,4
133143987073,MODIFIER,<empty>,,,VIRTUAL,4
133143987074,MODIFIER,<empty>,,,LAMBDA,5
133143987075,MODIFIER,<empty>,,,VIRTUAL,3
133143987076,MODIFIER,<empty>,,,LAMBDA,4
133143987077,MODIFIER,<empty>,,,VIRTUAL,3
133143987078,MODIFIER,<empty>,,,VIRTUAL,4
133143987079,MODIFIER,<empty>,,,VIRTUAL,3
133143987080,MODIFIER,<empty>,,,VIRTUAL,3
133143987081,MODIFIER,<empty>,,,LAMBDA,4
133143987082,MODIFIER,<empty>,,,VIRTUAL,7
133143987083,MODIFIER,<empty>,,,VIRTUAL,4
133143987084,MODIFIER,<empty>,,,LAMBDA,5
133143987085,MODIFIER,<empty>,,,VIRTUAL,4
133143987086,MODIFIER,<empty>,,,LAMBDA,5
133143987087,MODIFIER,<empty>,,,VIRTUAL,4
133143987088,MODIFIER,<empty>,,,LAMBDA,5
133143987089,MODIFIER,<empty>,,,VIRTUAL,4
133143987090,MODIFIER,<empty>,,,VIRTUAL,3
133143987091,MODIFIER,<empty>,,,VIRTUAL,4
133143987092,MODIFIER,<empty>,,,VIRTUAL,3
133143987093,MODIFIER,<empty>,,,VIRTUAL,4
133143987094,MODIFIER,<empty>,,,LAMBDA,5
133143987095,MODIFIER,<empty>,,,VIRTUAL,3
133143987096,MODIFIER,<empty>,,,LAMBDA,4
133143987097,MODIFIER,<empty>,,,VIRTUAL,4
133143987098,MODIFIER,<empty>,,,LAMBDA,5
133143987099,MODIFIER,<empty>,,,VIRTUAL,3
133143987100,MODIFIER,<empty>,,,VIRTUAL,5
133143987101,MODIFIER,<empty>,,,VIRTUAL,3
133143987102,MODIFIER,<empty>,,,LAMBDA,4
133143987103,MODIFIER,<empty>,,,VIRTUAL,3
133143987104,MODIFIER,<empty>,,,LAMBDA,4
133143987105,MODIFIER,<empty>,,,VIRTUAL,3
133143987106,MODIFIER,<empty>,,,LAMBDA,4
133143987107,MODIFIER,<empty>,,,VIRTUAL,4
133143987108,MODIFIER,<empty>,,,LAMBDA,5
133143987109,MODIFIER,<empty>,,,VIRTUAL,3
133143987110,MODIFIER,<empty>,,,VIRTUAL,4
133143987111,MODIFIER,<empty>,,,LAMBDA,5
133143987112,MODIFIER,<empty>,,,VIRTUAL,3
133143987113,MODIFIER,<empty>,,,LAMBDA,4
133143987114,MODIFIER,<empty>,,,VIRTUAL,4
133143987115,MODIFIER,<empty>,,,VIRTUAL,4
133143987116,MODIFIER,<empty>,,,LAMBDA,5
133143987117,MODIFIER,<empty>,,,VIRTUAL,3
133143987118,MODIFIER,<empty>,,,LAMBDA,4
133143987119,MODIFIER,<empty>,,,VIRTUAL,3
133143987120,MODIFIER,<empty>,,,VIRTUAL,4
133143987121,MODIFIER,<empty>,,,LAMBDA,5
133143987122,MODIFIER,<empty>,,,VIRTUAL,4
133143987123,MODIFIER,<empty>,,,LAMBDA,5
133143987124,MODIFIER,<empty>,,,VIRTUAL,3
133143987125,MODIFIER,<empty>,,,VIRTUAL,4
133143987126,MODIFIER,<empty>,,,LAMBDA,5
133143987127,MODIFIER,<empty>,,,VIRTUAL,4
133143987128,MODIFIER,<empty>,,,VIRTUAL,3
133143987129,MODIFIER,<empty>,,,LAMBDA,4
133143987130,MODIFIER,<empty>,,,VIRTUAL,4
133143987131,MODIFIER,<empty>,,,VIRTUAL,3
133143987132,MODIFIER,<empty>,,,LAMBDA,4
133143987133,MODIFIER,<empty>,,,VIRTUAL,3
133143987134,MODIFIER,<empty>,,,VIRTUAL,4
133143987135,MODIFIER,<empty>,,,LAMBDA,5
133143987136,MODIFIER,<empty>,,,VIRTUAL,4
133143987137,MODIFIER,<empty>,,,VIRTUAL,4
133143987138,MODIFIER,<empty>,,,VIRTUAL,4
133143987139,MODIFIER,<empty>,,,LAMBDA,5
133143987140,MODIFIER,<empty>,,,VIRTUAL,4
133143987141,MODIFIER,<empty>,,,LAMBDA,5
133143987142,MODIFIER,<empty>,,,VIRTUAL,4
133143987143,MODIFIER,<empty>,,,VIRTUAL,3
133143987144,MODIFIER,<empty>,,,LAMBDA,4
133143987145,MODIFIER,<empty>,,,VIRTUAL,3
133143987146,MODIFIER,<empty>,,,VIRTUAL,4
133143987147,MODIFIER,<empty>,,,VIRTUAL,4
133143987148,MODIFIER,<empty>,,,LAMBDA,5
133143987149,MODIFIER,<empty>,,,VIRTUAL,4
133143987150,MODIFIER,<empty>,,,LAMBDA,5
133143987151,MODIFIER,<empty>,,,VIRTUAL,4
133143987152,MODIFIER,<empty>,,,VIRTUAL,4
133143987153,MODIFIER,<empty>,,,VIRTUAL,3
133143987154,MODIFIER,<empty>,,,LAMBDA,4
133143987155,MODIFIER,<empty>,,,VIRTUAL,3
133143987156,MODIFIER,<empty>,,,VIRTUAL,4
133143987157,MODIFIER,<empty>,,,VIRTUAL,4
133143987158,MODIFIER,<empty>,,,LAMBDA,5
133143987159,MODIFIER,<empty>,,,VIRTUAL,4
133143987160,MODIFIER,<empty>,,,VIRTUAL,5
133143987161,MODIFIER,<empty>,,,LAMBDA,6
133143987162,MODIFIER,<empty>,,,VIRTUAL,3
133143987163,MODIFIER,<empty>,,,LAMBDA,4
133143987164,MODIFIER,<empty>,,,VIRTUAL,4
133143987165,MODIFIER,<empty>,,,LAMBDA,5
133143987166,MODIFIER,<empty>,,,VIRTUAL,3
133143987167,MODIFIER,<empty>,,,LAMBDA,4
133143987168,MODIFIER,<empty>,,,VIRTUAL,3
133143987169,MODIFIER,<empty>,,,LAMBDA,4
133143987170,MODIFIER,<empty>,,,VIRTUAL,10
133143987171,MODIFIER,<empty>,,,VIRTUAL,4
133143987172,MODIFIER,<empty>,,,VIRTUAL,5
133143987173,MODIFIER,<empty>,,,VIRTUAL,4
133143987174,MODIFIER,<empty>,,,VIRTUAL,4
133143987175,MODIFIER,<empty>,,,LAMBDA,5
133143987176,MODIFIER,<empty>,,,VIRTUAL,3
133143987177,MODIFIER,<empty>,,,LAMBDA,4
133143987178,MODIFIER,<empty>,,,VIRTUAL,3
133143987179,MODIFIER,<empty>,,,LAMBDA,4
133143987180,MODIFIER,<empty>,,,VIRTUAL,4
133143987181,MODIFIER,<empty>,,,VIRTUAL,3
133143987182,MODIFIER,<empty>,,,LAMBDA,4
133143987183,MODIFIER,<empty>,,,VIRTUAL,4
133143987184,MODIFIER,<empty>,,,VIRTUAL,4
133143987185,MODIFIER,<empty>,,,VIRTUAL,3
133143987186,MODIFIER,<empty>,,,VIRTUAL,4
133143987187,MODIFIER,<empty>,,,VIRTUAL,3
133143987188,MODIFIER,<empty>,,,VIRTUAL,5
133143987189,MODIFIER,<empty>,,,VIRTUAL,5
133143987190,MODIFIER,<empty>,,,LAMBDA,6
133143987191,MODIFIER,<empty>,,,VIRTUAL,5
133143987192,MODIFIER,<empty>,,,VIRTUAL,5
133143987193,MODIFIER,<empty>,,,VIRTUAL,3
133143987194,MODIFIER,<empty>,,,LAMBDA,4
133143987195,MODIFIER,<empty>,,,VIRTUAL,3
133143987196,MODIFIER,<empty>,,,VIRTUAL,3
133143987197,MODIFIER,<empty>,,,VIRTUAL,4
133143987198,MODIFIER,<empty>,,,VIRTUAL,3
133143987199,MODIFIER,<empty>,,,LAMBDA,4
133143987200,MODIFIER,<empty>,,,VIRTUAL,3
133143987201,MODIFIER,<empty>,,,LAMBDA,4
133143987202,MODIFIER,<empty>,,,VIRTUAL,3
133143987203,MODIFIER,<empty>,,,VIRTUAL,3
133143987204,MODIFIER,<empty>,,,VIRTUAL,3
133143987205,MODIFIER,<empty>,,,LAMBDA,4
133143987206,MODIFIER,<empty>,,,VIRTUAL,3
133143987207,MODIFIER,<empty>,,,VIRTUAL,3
133143987208,MODIFIER,<empty>,,,VIRTUAL,5
133143987209,MODIFIER,<empty>,,,LAMBDA,6
133143987210,MODIFIER,<empty>,,,VIRTUAL,5
133143987211,MODIFIER,<empty>,,,VIRTUAL,3
133143987212,MODIFIER,<empty>,,,LAMBDA,4
133143987213,MODIFIER,<empty>,,,VIRTUAL,3
133143987214,MODIFIER,<empty>,,,VIRTUAL,3
133143987215,MODIFIER,<empty>,,,VIRTUAL,4
133143987216,MODIFIER,<empty>,,,VIRTUAL,5
133143987217,MODIFIER,<empty>,,,VIRTUAL,5
133143987218,MODIFIER,<empty>,,,VIRTUAL,4
133143987219,MODIFIER,<empty>,,,LAMBDA,5
133143987220,MODIFIER,<empty>,,,VIRTUAL,5
133143987221,MODIFIER,<empty>,,,VIRTUAL,3
133143987222,MODIFIER,<empty>,,,LAMBDA,4
133143987223,MODIFIER,<empty>,,,VIRTUAL,4
133143987224,MODIFIER,<empty>,,,VIRTUAL,7
133143987225,MODIFIER,<empty>,,,VIRTUAL,5
133143987226,MODIFIER,<empty>,,,VIRTUAL,4
133143987227,MODIFIER,<empty>,,,VIRTUAL,4
133143987228,MODIFIER,<empty>,,,LAMBDA,5
133143987229,MODIFIER,<empty>,,,VIRTUAL,3
133143987230,MODIFIER,<empty>,,,LAMBDA,4
133143987231,MODIFIER,<empty>,,,VIRTUAL,3
133143987232,MODIFIER,<empty>,,,LAMBDA,4
133143987233,MODIFIER,<empty>,,,VIRTUAL,4
133143987234,MODIFIER,<empty>,,,LAMBDA,5
133143987235,MODIFIER,<empty>,,,VIRTUAL,4
133143987236,MODIFIER,<empty>,,,LAMBDA,5
133143987237,MODIFIER,<empty>,,,VIRTUAL,4
133143987238,MODIFIER,<empty>,,,VIRTUAL,4
133143987239,MODIFIER,<empty>,,,LAMBDA,5
133143987240,MODIFIER,<empty>,,,VIRTUAL,3
133143987241,MODIFIER,<empty>,,,LAMBDA,4
133143987242,MODIFIER,<empty>,,,VIRTUAL,4
133143987243,MODIFIER,<empty>,,,VIRTUAL,4
133143987244,MODIFIER,<empty>,,,LAMBDA,5
133143987245,MODIFIER,<empty>,,,VIRTUAL,3
133143987246,MODIFIER,<empty>,,,LAMBDA,4
133143987247,MODIFIER,<empty>,,,VIRTUAL,3
133143987248,MODIFIER,<empty>,,,LAMBDA,4
133143987249,MODIFIER,<empty>,,,VIRTUAL,3
133143987250,MODIFIER,<empty>,,,LAMBDA,4
133143987251,MODIFIER,<empty>,,,VIRTUAL,4
133143987252,MODIFIER,<empty>,,,LAMBDA,5
133143987253,MODIFIER,<empty>,,,VIRTUAL,3
133143987254,MODIFIER,<empty>,,,LAMBDA,4
133143987255,MODIFIER,<empty>,,,VIRTUAL,4
133143987256,MODIFIER,<empty>,,,LAMBDA,5
133143987257,MODIFIER,<empty>,,,VIRTUAL,3
133143987258,MODIFIER,<empty>,,,LAMBDA,4
133143987259,MODIFIER,<empty>,,,VIRTUAL,3
133143987260,MODIFIER,<empty>,,,LAMBDA,4
133143987261,MODIFIER,<empty>,,,VIRTUAL,3
133143987262,MODIFIER,<empty>,,,VIRTUAL,4
133143987263,MODIFIER,<empty>,,,LAMBDA,5
133143987264,MODIFIER,<empty>,,,VIRTUAL,5
133143987265,MODIFIER,<empty>,,,VIRTUAL,4
133143987266,MODIFIER,<empty>,,,LAMBDA,5
133143987267,MODIFIER,<empty>,,,VIRTUAL,6
133143987268,MODIFIER,<empty>,,,VIRTUAL,5
133143987269,MODIFIER,<empty>,,,VIRTUAL,4
133143987270,MODIFIER,<empty>,,,LAMBDA,5
133143987271,MODIFIER,<empty>,,,VIRTUAL,4
133143987272,MODIFIER,<empty>,,,LAMBDA,5
133143987273,MODIFIER,<empty>,,,VIRTUAL,5
133143987274,MODIFIER,<empty>,,,VIRTUAL,4
133143987275,MODIFIER,<empty>,,,VIRTUAL,3
133143987276,MODIFIER,<empty>,,,VIRTUAL,4
133143987277,MODIFIER,<empty>,,,LAMBDA,5
133143987278,MODIFIER,<empty>,,,VIRTUAL,4
133143987279,MODIFIER,<empty>,,,LAMBDA,5
133143987280,MODIFIER,<empty>,,,VIRTUAL,4
133143987281,MODIFIER,<empty>,,,LAMBDA,5
133143987282,MODIFIER,<empty>,,,VIRTUAL,5
133143987283,MODIFIER,<empty>,,,VIRTUAL,4
133143987284,MODIFIER,<empty>,,,VIRTUAL,4
133143987285,MODIFIER,<empty>,,,LAMBDA,5
133143987286,MODIFIER,<empty>,,,VIRTUAL,5
133143987287,MODIFIER,<empty>,,,VIRTUAL,4
133143987288,MODIFIER,<empty>,,,LAMBDA,5
133143987289,MODIFIER,<empty>,,,VIRTUAL,3
133143987290,MODIFIER,<empty>,,,LAMBDA,4
133143987291,MODIFIER,<empty>,,,VIRTUAL,5
133143987292,MODIFIER,<empty>,,,LAMBDA,6
133143987293,MODIFIER,<empty>,,,VIRTUAL,3
133143987294,MODIFIER,<empty>,,,LAMBDA,4
133143987295,MODIFIER,<empty>,,,VIRTUAL,4
133143987296,MODIFIER,<empty>,,,LAMBDA,5
133143987297,MODIFIER,<empty>,,,VIRTUAL,3
133143987298,MODIFIER,<empty>,,,LAMBDA,4
133143987299,MODIFIER,<empty>,,,VIRTUAL,4
133143987300,MODIFIER,<empty>,,,LAMBDA,5
133143987301,MODIFIER,<empty>,,,VIRTUAL,5
133143987302,MODIFIER,<empty>,,,VIRTUAL,5
133143987303,MODIFIER,<empty>,,,LAMBDA,6
133143987304,MODIFIER,<empty>,,,VIRTUAL,4
133143987305,MODIFIER,<empty>,,,LAMBDA,5
133143987306,MODIFIER,<empty>,,,VIRTUAL,4
133143987307,MODIFIER,<empty>,,,VIRTUAL,4
133143987308,MODIFIER,<empty>,,,LAMBDA,5
133143987309,MODIFIER,<empty>,,,VIRTUAL,4
133143987310,MODIFIER,<empty>,,,LAMBDA,5
133143987311,MODIFIER,<empty>,,,VIRTUAL,4
133143987312,MODIFIER,<empty>,,,LAMBDA,5
133143987313,MODIFIER,<empty>,,,VIRTUAL,4
133143987314,MODIFIER,<empty>,,,LAMBDA,5
133143987315,MODIFIER,<empty>,,,VIRTUAL,4
133143987316,MODIFIER,<empty>,,,LAMBDA,5
133143987317,MODIFIER,<empty>,,,VIRTUAL,4
133143987318,MODIFIER,<empty>,,,LAMBDA,5
133143987319,MODIFIER,<empty>,,,VIRTUAL,5
133143987320,MODIFIER,<empty>,,,LAMBDA,6
133143987321,MODIFIER,<empty>,,,VIRTUAL,4
133143987322,MODIFIER,<empty>,,,LAMBDA,5
133143987323,MODIFIER,<empty>,,,VIRTUAL,3
133143987324,MODIFIER,<empty>,,,VIRTUAL,3
133143987325,MODIFIER,<empty>,,,LAMBDA,4
133143987326,MODIFIER,<empty>,,,VIRTUAL,3
133143987327,MODIFIER,<empty>,,,VIRTUAL,5
133143987328,MODIFIER,<empty>,,,LAMBDA,6
133143987329,MODIFIER,<empty>,,,VIRTUAL,3
133143987330,MODIFIER,<empty>,,,VIRTUAL,3
133143987331,MODIFIER,<empty>,,,LAMBDA,4
133143987332,MODIFIER,<empty>,,,VIRTUAL,3
133143987333,MODIFIER,<empty>,,,VIRTUAL,3
133143987334,MODIFIER,<empty>,,,VIRTUAL,3
133143987335,MODIFIER,<empty>,,,VIRTUAL,3
133143987336,MODIFIER,<empty>,,,VIRTUAL,5
133143987337,MODIFIER,<empty>,,,LAMBDA,6
133143987338,MODIFIER,<empty>,,,VIRTUAL,5
133143987339,MODIFIER,<empty>,,,VIRTUAL,4
133143987340,MODIFIER,<empty>,,,LAMBDA,5
133143987341,MODIFIER,<empty>,,,VIRTUAL,4
133143987342,MODIFIER,<empty>,,,LAMBDA,5
133143987343,MODIFIER,<empty>,,,VIRTUAL,3
133143987344,MODIFIER,<empty>,,,LAMBDA,4
133143987345,MODIFIER,<empty>,,,VIRTUAL,5
133143987346,MODIFIER,<empty>,,,VIRTUAL,4
133143987347,MODIFIER,<empty>,,,LAMBDA,5
133143987348,MODIFIER,<empty>,,,VIRTUAL,3
133143987349,MODIFIER,<empty>,,,LAMBDA,4
133143987350,MODIFIER,<empty>,,,VIRTUAL,3
133143987351,MODIFIER,<empty>,,,LAMBDA,4
133143987352,MODIFIER,<empty>,,,VIRTUAL,4
133143987353,MODIFIER,<empty>,,,VIRTUAL,3
133143987354,MODIFIER,<empty>,,,VIRTUAL,4
133143987355,MODIFIER,<empty>,,,VIRTUAL,4
133143987356,MODIFIER,<empty>,,,LAMBDA,5
133143987357,MODIFIER,<empty>,,,VIRTUAL,3
133143987358,MODIFIER,<empty>,,,LAMBDA,4
133143987359,MODIFIER,<empty>,,,VIRTUAL,3
133143987360,MODIFIER,<empty>,,,LAMBDA,4
133143987361,MODIFIER,<empty>,,,VIRTUAL,5
133143987362,MODIFIER,<empty>,,,LAMBDA,6
133143987363,MODIFIER,<empty>,,,VIRTUAL,4
133143987364,MODIFIER,<empty>,,,LAMBDA,5
133143987365,MODIFIER,<empty>,,,VIRTUAL,4
133143987366,MODIFIER,<empty>,,,LAMBDA,5
133143987367,MODIFIER,<empty>,,,VIRTUAL,4
133143987368,MODIFIER,<empty>,,,LAMBDA,5
133143987369,MODIFIER,<empty>,,,VIRTUAL,6
133143987370,MODIFIER,<empty>,,,LAMBDA,7
133143987371,MODIFIER,<empty>,,,VIRTUAL,6
133143987372,MODIFIER,<empty>,,,LAMBDA,7
133143987373,MODIFIER,<empty>,,,VIRTUAL,5
133143987374,MODIFIER,<empty>,,,LAMBDA,6
133143987375,MODIFIER,<empty>,,,VIRTUAL,7
133143987376,MODIFIER,<empty>,,,LAMBDA,8
133143987377,MODIFIER,<empty>,,,VIRTUAL,4
133143987378,MODIFIER,<empty>,,,LAMBDA,5
133143987379,MODIFIER,<empty>,,,VIRTUAL,4
133143987380,MODIFIER,<empty>,,,LAMBDA,5
133143987381,MODIFIER,<empty>,,,VIRTUAL,5
133143987382,MODIFIER,<empty>,,,LAMBDA,6
133143987383,MODIFIER,<empty>,,,VIRTUAL,3
133143987384,MODIFIER,<empty>,,,LAMBDA,4
133143987385,MODIFIER,<empty>,,,VIRTUAL,3
133143987386,MODIFIER,<empty>,,,LAMBDA,4
133143987387,MODIFIER,<empty>,,,VIRTUAL,3
133143987388,MODIFIER,<empty>,,,LAMBDA,4
133143987389,MODIFIER,<empty>,,,VIRTUAL,4
133143987390,MODIFIER,<empty>,,,LAMBDA,5
133143987391,MODIFIER,<empty>,,,VIRTUAL,5
133143987392,MODIFIER,<empty>,,,LAMBDA,6
133143987393,MODIFIER,<empty>,,,VIRTUAL,3
133143987394,MODIFIER,<empty>,,,LAMBDA,4
133143987395,MODIFIER,<empty>,,,VIRTUAL,4
133143987396,MODIFIER,<empty>,,,VIRTUAL,3
133143987397,MODIFIER,<empty>,,,VIRTUAL,4
133143987398,MODIFIER,<empty>,,,VIRTUAL,3
133143987399,MODIFIER,<empty>,,,LAMBDA,4
133143987400,MODIFIER,<empty>,,,VIRTUAL,5
133143987401,MODIFIER,<empty>,,,VIRTUAL,3
133143987402,MODIFIER,<empty>,,,LAMBDA,4
133143987403,MODIFIER,<empty>,,,VIRTUAL,5
133143987404,MODIFIER,<empty>,,,VIRTUAL,5
133143987405,MODIFIER,<empty>,,,VIRTUAL,3
133143987406,MODIFIER,<empty>,,,LAMBDA,4
133143987407,MODIFIER,<empty>,,,VIRTUAL,4
133143987408,MODIFIER,<empty>,,,VIRTUAL,6
133143987409,MODIFIER,<empty>,,,VIRTUAL,5
133143987410,MODIFIER,<empty>,,,LAMBDA,6
133143987411,MODIFIER,<empty>,,,VIRTUAL,4
133143987412,MODIFIER,<empty>,,,VIRTUAL,4
133143987413,MODIFIER,<empty>,,,LAMBDA,5
133143987414,MODIFIER,<empty>,,,VIRTUAL,4
133143987415,MODIFIER,<empty>,,,LAMBDA,5
133143987416,MODIFIER,<empty>,,,VIRTUAL,5
133143987417,MODIFIER,<empty>,,,VIRTUAL,4
133143987418,MODIFIER,<empty>,,,LAMBDA,5
133143987419,MODIFIER,<empty>,,,VIRTUAL,5
133143987420,MODIFIER,<empty>,,,LAMBDA,6
133143987421,MODIFIER,<empty>,,,VIRTUAL,3
133143987422,MODIFIER,<empty>,,,LAMBDA,4
133143987423,MODIFIER,<empty>,,,VIRTUAL,4
133143987424,MODIFIER,<empty>,,,LAMBDA,5
133143987425,MODIFIER,<empty>,,,VIRTUAL,3
133143987426,MODIFIER,<empty>,,,LAMBDA,4
133143987427,MODIFIER,<empty>,,,VIRTUAL,4
133143987428,MODIFIER,<empty>,,,LAMBDA,5
133143987429,MODIFIER,<empty>,,,VIRTUAL,4
133143987430,MODIFIER,<empty>,,,LAMBDA,5
133143987431,MODIFIER,<empty>,,,VIRTUAL,4
133143987432,MODIFIER,<empty>,,,LAMBDA,5
133143987433,MODIFIER,<empty>,,,VIRTUAL,4
133143987434,MODIFIER,<empty>,,,LAMBDA,5
133143987435,MODIFIER,<empty>,,,VIRTUAL,5
133143987436,MODIFIER,<empty>,,,VIRTUAL,5
133143987437,MODIFIER,<empty>,,,LAMBDA,6
133143987438,MODIFIER,<empty>,,,VIRTUAL,4
133143987439,MODIFIER,<empty>,,,LAMBDA,5
133143987440,MODIFIER,<empty>,,,VIRTUAL,4
133143987441,MODIFIER,<empty>,,,LAMBDA,5
133143987442,MODIFIER,<empty>,,,VIRTUAL,4
133143987443,MODIFIER,<empty>,,,LAMBDA,5
133143987444,MODIFIER,<empty>,,,VIRTUAL,5
133143987445,MODIFIER,<empty>,,,LAMBDA,6
133143987446,MODIFIER,<empty>,,,VIRTUAL,4
133143987447,MODIFIER,<empty>,,,LAMBDA,5
133143987448,MODIFIER,<empty>,,,VIRTUAL,5
133143987449,MODIFIER,<empty>,,,LAMBDA,6
133143987450,MODIFIER,<empty>,,,VIRTUAL,4
133143987451,MODIFIER,<empty>,,,LAMBDA,5
133143987452,MODIFIER,<empty>,,,VIRTUAL,4
133143987453,MODIFIER,<empty>,,,LAMBDA,5
133143987454,MODIFIER,<empty>,,,VIRTUAL,4
133143987455,MODIFIER,<empty>,,,LAMBDA,5
133143987456,MODIFIER,<empty>,,,VIRTUAL,3
133143987457,MODIFIER,<empty>,,,LAMBDA,4
133143987458,MODIFIER,<empty>,,,VIRTUAL,3
133143987459,MODIFIER,<empty>,,,LAMBDA,4
133143987460,MODIFIER,<empty>,,,VIRTUAL,4
133143987461,MODIFIER,<empty>,,,VIRTUAL,3
133143987462,MODIFIER,<empty>,,,LAMBDA,4
133143987463,MODIFIER,<empty>,,,VIRTUAL,3
133143987464,MODIFIER,<empty>,,,LAMBDA,4
133143987465,MODIFIER,<empty>,,,VIRTUAL,3
133143987466,MODIFIER,<empty>,,,LAMBDA,4
133143987467,MODIFIER,<empty>,,,VIRTUAL,3
133143987468,MODIFIER,<empty>,,,LAMBDA,4
133143987469,MODIFIER,<empty>,,,VIRTUAL,3
133143987470,MODIFIER,<empty>,,,LAMBDA,4
133143987471,MODIFIER,<empty>,,,VIRTUAL,5
133143987472,MODIFIER,<empty>,,,LAMBDA,6
133143987473,MODIFIER,<empty>,,,VIRTUAL,3
133143987474,MODIFIER,<empty>,,,LAMBDA,4
133143987475,MODIFIER,<empty>,,,VIRTUAL,3
133143987476,MODIFIER,<empty>,,,LAMBDA,4
133143987477,MODIFIER,<empty>,,,VIRTUAL,5
133143987478,MODIFIER,<empty>,,,LAMBDA,6
133143987479,MODIFIER,<empty>,,,VIRTUAL,8
133143987480,MODIFIER,<empty>,,,LAMBDA,9
133143987481,MODIFIER,<empty>,,,VIRTUAL,3
133143987482,MODIFIER,<empty>,,,LAMBDA,4
133143987483,MODIFIER,<empty>,,,VIRTUAL,5
133143987484,MODIFIER,<empty>,,,LAMBDA,6
133143987485,MODIFIER,<empty>,,,VIRTUAL,6
133143987486,MODIFIER,<empty>,,,LAMBDA,7
133143987487,MODIFIER,<empty>,,,VIRTUAL,6
133143987488,MODIFIER,<empty>,,,LAMBDA,7
133143987489,MODIFIER,<empty>,,,VIRTUAL,5
133143987490,MODIFIER,<empty>,,,LAMBDA,6
133143987491,MODIFIER,<empty>,,,VIRTUAL,5
133143987492,MODIFIER,<empty>,,,LAMBDA,6
133143987493,MODIFIER,<empty>,,,VIRTUAL,4
133143987494,MODIFIER,<empty>,,,LAMBDA,5
133143987495,MODIFIER,<empty>,,,VIRTUAL,5
133143987496,MODIFIER,<empty>,,,LAMBDA,6
133143987497,MODIFIER,<empty>,,,VIRTUAL,3
133143987498,MODIFIER,<empty>,,,LAMBDA,4
133143987499,MODIFIER,<empty>,,,VIRTUAL,7
133143987500,MODIFIER,<empty>,,,LAMBDA,8
133143987501,MODIFIER,<empty>,,,VIRTUAL,6
133143987502,MODIFIER,<empty>,,,LAMBDA,7
133143987503,MODIFIER,<empty>,,,VIRTUAL,4
133143987504,MODIFIER,<empty>,,,LAMBDA,5
133143987505,MODIFIER,<empty>,,,VIRTUAL,3
133143987506,MODIFIER,<empty>,,,LAMBDA,4
133143987507,MODIFIER,<empty>,,,VIRTUAL,3
133143987508,MODIFIER,<empty>,,,LAMBDA,4
133143987509,MODIFIER,<empty>,,,VIRTUAL,6
133143987510,MODIFIER,<empty>,,,LAMBDA,7
133143987511,MODIFIER,<empty>,,,VIRTUAL,9
133143987512,MODIFIER,<empty>,,,LAMBDA,10
133143987513,MODIFIER,<empty>,,,VIRTUAL,6
133143987514,MODIFIER,<empty>,,,LAMBDA,7
133143987515,MODIFIER,<empty>,,,VIRTUAL,6
133143987516,MODIFIER,<empty>,,,LAMBDA,7
133143987517,MODIFIER,<empty>,,,VIRTUAL,4
133143987518,MODIFIER,<empty>,,,LAMBDA,5
133143987519,MODIFIER,<empty>,,,VIRTUAL,8
133143987520,MODIFIER,<empty>,,,LAMBDA,9
133143987521,MODIFIER,<empty>,,,VIRTUAL,7
133143987522,MODIFIER,<empty>,,,LAMBDA,8
133143987523,MODIFIER,<empty>,,,VIRTUAL,8
133143987524,MODIFIER,<empty>,,,LAMBDA,9
133143987525,MODIFIER,<empty>,,,VIRTUAL,5
133143987526,MODIFIER,<empty>,,,LAMBDA,6
133143987527,MODIFIER,<empty>,,,VIRTUAL,4
133143987528,MODIFIER,<empty>,,,LAMBDA,5
133143987529,MODIFIER,<empty>,,,VIRTUAL,4
133143987530,MODIFIER,<empty>,,,LAMBDA,5
133143987531,MODIFIER,<empty>,,,VIRTUAL,4
133143987532,MODIFIER,<empty>,,,LAMBDA,5
133143987533,MODIFIER,<empty>,,,VIRTUAL,8
133143987534,MODIFIER,<empty>,,,LAMBDA,9
133143987535,MODIFIER,<empty>,,,VIRTUAL,5
133143987536,MODIFIER,<empty>,,,LAMBDA,6
133143987537,MODIFIER,<empty>,,,VIRTUAL,5
133143987538,MODIFIER,<empty>,,,LAMBDA,6
133143987539,MODIFIER,<empty>,,,VIRTUAL,3
133143987540,MODIFIER,<empty>,,,LAMBDA,4
133143987541,MODIFIER,<empty>,,,VIRTUAL,4
133143987542,MODIFIER,<empty>,,,LAMBDA,5
133143987543,MODIFIER,<empty>,,,VIRTUAL,3
133143987544,MODIFIER,<empty>,,,LAMBDA,4
133143987545,MODIFIER,<empty>,,,VIRTUAL,3
133143987546,MODIFIER,<empty>,,,LAMBDA,4
133143987547,MODIFIER,<empty>,,,VIRTUAL,3
133143987548,MODIFIER,<empty>,,,LAMBDA,4
133143987549,MODIFIER,<empty>,,,VIRTUAL,5
133143987550,MODIFIER,<empty>,,,LAMBDA,6
133143987551,MODIFIER,<empty>,,,VIRTUAL,4
133143987552,MODIFIER,<empty>,,,LAMBDA,5
133143987553,MODIFIER,<empty>,,,VIRTUAL,4
133143987554,MODIFIER,<empty>,,,LAMBDA,5
133143987555,MODIFIER,<empty>,,,VIRTUAL,3
133143987556,MODIFIER,<empty>,,,LAMBDA,4
133143987557,MODIFIER,<empty>,,,VIRTUAL,3
133143987558,MODIFIER,<empty>,,,LAMBDA,4
133143987559,MODIFIER,<empty>,,,VIRTUAL,4
133143987560,MODIFIER,<empty>,,,LAMBDA,5
133143987561,MODIFIER,<empty>,,,VIRTUAL,4
133143987562,MODIFIER,<empty>,,,LAMBDA,5
133143987563,MODIFIER,<empty>,,,VIRTUAL,3
133143987564,MODIFIER,<empty>,,,LAMBDA,4
133143987565,MODIFIER,<empty>,,,VIRTUAL,3
133143987566,MODIFIER,<empty>,,,LAMBDA,4
133143987567,MODIFIER,<empty>,,,VIRTUAL,5
133143987568,MODIFIER,<empty>,,,LAMBDA,6
133143987569,MODIFIER,<empty>,,,VIRTUAL,5
133143987570,MODIFIER,<empty>,,,LAMBDA,6
133143987571,MODIFIER,<empty>,,,VIRTUAL,5
133143987572,MODIFIER,<empty>,,,LAMBDA,6
133143987573,MODIFIER,<empty>,,,VIRTUAL,5
133143987574,MODIFIER,<empty>,,,LAMBDA,6
133143987575,MODIFIER,<empty>,,,VIRTUAL,4
133143987576,MODIFIER,<empty>,,,LAMBDA,5
133143987577,MODIFIER,<empty>,,,VIRTUAL,4
133143987578,MODIFIER,<empty>,,,LAMBDA,5
133143987579,MODIFIER,<empty>,,,VIRTUAL,4
133143987580,MODIFIER,<empty>,,,LAMBDA,5
133143987581,MODIFIER,<empty>,,,VIRTUAL,4
133143987582,MODIFIER,<empty>,,,LAMBDA,5
133143987583,MODIFIER,<empty>,,,VIRTUAL,4
133143987584,MODIFIER,<empty>,,,LAMBDA,5
133143987585,MODIFIER,<empty>,,,VIRTUAL,4
133143987586,MODIFIER,<empty>,,,LAMBDA,5
133143987587,MODIFIER,<empty>,,,VIRTUAL,3
133143987588,MODIFIER,<empty>,,,LAMBDA,4
133143987589,MODIFIER,<empty>,,,VIRTUAL,3
133143987590,MODIFIER,<empty>,,,LAMBDA,4
133143987591,MODIFIER,<empty>,,,VIRTUAL,3
133143987592,MODIFIER,<empty>,,,LAMBDA,4
133143987593,MODIFIER,<empty>,,,VIRTUAL,3
133143987594,MODIFIER,<empty>,,,LAMBDA,4
133143987595,MODIFIER,<empty>,,,VIRTUAL,3
133143987596,MODIFIER,<empty>,,,LAMBDA,4
133143987597,MODIFIER,<empty>,,,VIRTUAL,3
133143987598,MODIFIER,<empty>,,,LAMBDA,4
133143987599,MODIFIER,<empty>,,,VIRTUAL,3
133143987600,MODIFIER,<empty>,,,LAMBDA,4
133143987601,MODIFIER,<empty>,,,VIRTUAL,3
133143987602,MODIFIER,<empty>,,,LAMBDA,4
133143987603,MODIFIER,<empty>,,,VIRTUAL,3
133143987604,MODIFIER,<empty>,,,LAMBDA,4
133143987605,MODIFIER,<empty>,,,VIRTUAL,3
133143987606,MODIFIER,<empty>,,,LAMBDA,4
133143987607,MODIFIER,<empty>,,,VIRTUAL,3
133143987608,MODIFIER,<empty>,,,LAMBDA,4
133143987609,MODIFIER,<empty>,,,VIRTUAL,3
133143987610,MODIFIER,<empty>,,,LAMBDA,4
133143987611,MODIFIER,<empty>,,,VIRTUAL,3
133143987612,MODIFIER,<empty>,,,LAMBDA,4
133143987613,MODIFIER,<empty>,,,VIRTUAL,3
133143987614,MODIFIER,<empty>,,,LAMBDA,4
133143987615,MODIFIER,<empty>,,,VIRTUAL,3
133143987616,MODIFIER,<empty>,,,LAMBDA,4
133143987617,MODIFIER,<empty>,,,VIRTUAL,3
133143987618,MODIFIER,<empty>,,,LAMBDA,4
133143987619,MODIFIER,<empty>,,,VIRTUAL,3
133143987620,MODIFIER,<empty>,,,LAMBDA,4
133143987621,MODIFIER,<empty>,,,VIRTUAL,3
133143987622,MODIFIER,<empty>,,,LAMBDA,4
133143987623,MODIFIER,<empty>,,,VIRTUAL,3
133143987624,MODIFIER,<empty>,,,LAMBDA,4
133143987625,MODIFIER,<empty>,,,VIRTUAL,3
133143987626,MODIFIER,<empty>,,,LAMBDA,4
133143987627,MODIFIER,<empty>,,,VIRTUAL,3
133143987628,MODIFIER,<empty>,,,LAMBDA,4
133143987629,MODIFIER,<empty>,,,VIRTUAL,4
133143987630,MODIFIER,<empty>,,,LAMBDA,5
133143987631,MODIFIER,<empty>,,,VIRTUAL,4
133143987632,MODIFIER,<empty>,,,LAMBDA,5
133143987633,MODIFIER,<empty>,,,VIRTUAL,3
133143987634,MODIFIER,<empty>,,,LAMBDA,4
133143987635,MODIFIER,<empty>,,,VIRTUAL,4
133143987636,MODIFIER,<empty>,,,LAMBDA,5
133143987637,MODIFIER,<empty>,,,VIRTUAL,7
133143987638,MODIFIER,<empty>,,,LAMBDA,8
133143987639,MODIFIER,<empty>,,,VIRTUAL,3
133143987640,MODIFIER,<empty>,,,LAMBDA,4
133143987641,MODIFIER,<empty>,,,VIRTUAL,3
133143987642,MODIFIER,<empty>,,,LAMBDA,4
133143987643,MODIFIER,<empty>,,,VIRTUAL,3
133143987644,MODIFIER,<empty>,,,LAMBDA,4
133143987645,MODIFIER,<empty>,,,VIRTUAL,4
133143987646,MODIFIER,<empty>,,,LAMBDA,5
133143987647,MODIFIER,<empty>,,,VIRTUAL,4
133143987648,MODIFIER,<empty>,,,LAMBDA,5
133143987649,MODIFIER,<empty>,,,VIRTUAL,3
133143987650,MODIFIER,<empty>,,,LAMBDA,4
133143987651,MODIFIER,<empty>,,,VIRTUAL,5
133143987652,MODIFIER,<empty>,,,LAMBDA,6
133143987653,MODIFIER,<empty>,,,VIRTUAL,5
133143987654,MODIFIER,<empty>,,,LAMBDA,6
133143987655,MODIFIER,<empty>,,,VIRTUAL,3
133143987656,MODIFIER,<empty>,,,LAMBDA,4
133143987657,MODIFIER,<empty>,,,VIRTUAL,4
133143987658,MODIFIER,<empty>,,,LAMBDA,5
133143987659,MODIFIER,<empty>,,,VIRTUAL,4
133143987660,MODIFIER,<empty>,,,LAMBDA,5
133143987661,MODIFIER,<empty>,,,VIRTUAL,5
133143987662,MODIFIER,<empty>,,,LAMBDA,6
133143987663,MODIFIER,<empty>,,,VIRTUAL,5
133143987664,MODIFIER,<empty>,,,LAMBDA,6
133143987665,MODIFIER,<empty>,,,VIRTUAL,5
133143987666,MODIFIER,<empty>,,,LAMBDA,6
133143987667,MODIFIER,<empty>,,,VIRTUAL,3
133143987668,MODIFIER,<empty>,,,LAMBDA,4
133143987669,MODIFIER,<empty>,,,VIRTUAL,5
133143987670,MODIFIER,<empty>,,,LAMBDA,6
133143987671,MODIFIER,<empty>,,,VIRTUAL,4
133143987672,MODIFIER,<empty>,,,LAMBDA,5
133143987673,MODIFIER,<empty>,,,VIRTUAL,4
133143987674,MODIFIER,<empty>,,,LAMBDA,5
133143987675,MODIFIER,<empty>,,,VIRTUAL,3
133143987676,MODIFIER,<empty>,,,LAMBDA,4
133143987677,MODIFIER,<empty>,,,VIRTUAL,3
133143987678,MODIFIER,<empty>,,,LAMBDA,4
133143987679,MODIFIER,<empty>,,,VIRTUAL,4
133143987680,MODIFIER,<empty>,,,LAMBDA,5
133143987681,MODIFIER,<empty>,,,VIRTUAL,3
133143987682,MODIFIER,<empty>,,,LAMBDA,4
133143987683,MODIFIER,<empty>,,,VIRTUAL,6
133143987684,MODIFIER,<empty>,,,LAMBDA,7
133143987685,MODIFIER,<empty>,,,VIRTUAL,5
133143987686,MODIFIER,<empty>,,,LAMBDA,6
133143987687,MODIFIER,<empty>,,,VIRTUAL,3
133143987688,MODIFIER,<empty>,,,LAMBDA,4
133143987689,MODIFIER,<empty>,,,VIRTUAL,4
133143987690,MODIFIER,<empty>,,,LAMBDA,5
133143987691,MODIFIER,<empty>,,,VIRTUAL,3
133143987692,MODIFIER,<empty>,,,LAMBDA,4
133143987693,MODIFIER,<empty>,,,VIRTUAL,3
133143987694,MODIFIER,<empty>,,,LAMBDA,4
133143987695,MODIFIER,<empty>,,,VIRTUAL,3
133143987696,MODIFIER,<empty>,,,LAMBDA,4
133143987697,MODIFIER,<empty>,,,VIRTUAL,3
133143987698,MODIFIER,<empty>,,,LAMBDA,4
133143987699,MODIFIER,<empty>,,,VIRTUAL,4
133143987700,MODIFIER,<empty>,,,LAMBDA,5
133143987701,MODIFIER,<empty>,,,VIRTUAL,3
133143987702,MODIFIER,<empty>,,,LAMBDA,4
133143987703,MODIFIER,<empty>,,,VIRTUAL,5
133143987704,MODIFIER,<empty>,,,LAMBDA,6
133143987705,MODIFIER,<empty>,,,VIRTUAL,3
133143987706,MODIFIER,<empty>,,,LAMBDA,4
133143987707,MODIFIER,<empty>,,,VIRTUAL,3
133143987708,MODIFIER,<empty>,,,LAMBDA,4
133143987709,MODIFIER,<empty>,,,VIRTUAL,4
133143987710,MODIFIER,<empty>,,,LAMBDA,5
133143987711,MODIFIER,<empty>,,,VIRTUAL,3
133143987712,MODIFIER,<empty>,,,LAMBDA,4
133143987713,MODIFIER,<empty>,,,VIRTUAL,4
133143987714,MODIFIER,<empty>,,,LAMBDA,5
133143987715,MODIFIER,<empty>,,,VIRTUAL,3
133143987716,MODIFIER,<empty>,,,LAMBDA,4
133143987717,MODIFIER,<empty>,,,VIRTUAL,3
133143987718,MODIFIER,<empty>,,,LAMBDA,4
133143987719,MODIFIER,<empty>,,,VIRTUAL,4
133143987720,MODIFIER,<empty>,,,LAMBDA,5
133143987721,MODIFIER,<empty>,,,VIRTUAL,3
133143987722,MODIFIER,<empty>,,,LAMBDA,4
133143987723,MODIFIER,<empty>,,,VIRTUAL,3
133143987724,MODIFIER,<empty>,,,LAMBDA,4
133143987725,MODIFIER,<empty>,,,VIRTUAL,3
133143987726,MODIFIER,<empty>,,,LAMBDA,4
133143987727,MODIFIER,<empty>,,,VIRTUAL,3
133143987728,MODIFIER,<empty>,,,LAMBDA,4
133143987729,MODIFIER,<empty>,,,MODULE,3
