:ID,:LABEL,ARGUMENT_INDEX:int,ARGUMENT_NAME,CODE:string,COLUMN_NUMBER:int,LINE_NUMBER:int,ORDER:int
146028888064,RETURN,1,,"return window.performance && window.performance.now
          ? window.performance.now()
          : Date.now()",8,7,1
146028888065,RETURN,1,,"return (
          e && ((r += t() - e), (n += 1)),
          {
            total: r,
            amount: n,
          }
        )",8,12,1
146028888066,RETURN,3,,"return e(r), u",8,63,3
146028888067,RETURN,1,,"return (
          e in t
            ? Object.defineProperty(t, e, {
                value: n,
                enumerable: !0,
                configurable: !0,
                writable: !0,
              })
            : (t[e] = n),
          t
        )",8,67,1
146028888068,RETURN,1,,return typeof t,18,84,1
146028888069,RETURN,1,,"return t &&
                    ""function"" == typeof Symbol &&
                    t.constructor === Symbol &&
                    t !== Symbol.prototype
                    ? ""symbol""
                    : typeof t",18,87,1
146028888070,RETURN,1,,"return (
          (l =
            ""function"" == typeof Symbol && ""symbol"" == typeof Symbol.iterator
              ? function (t) {
                  return typeof t;
                }
              : function (t) {
                  return t &&
                    ""function"" == typeof Symbol &&
                    t.constructor === Symbol &&
                    t !== Symbol.prototype
                    ? ""symbol""
                    : typeof t;
                }),
          l(t)
        )",8,80,1
146028888071,RETURN,3,,return r,8,100,3
146028888072,RETURN,-1,,"return f(t, e)",36,104,2
146028888073,RETURN,3,,"return (
            ""Object"" === n && t.constructor && (n = t.constructor.name),
            ""Map"" === n || ""Set"" === n
              ? Array.from(t)
              : ""Arguments"" === n ||
                /^(?:Ui|I)nt(?:8|16|32)(?:Clamped)?Array$/.test(n)
              ? f(t, e)
              : void 0
          )",10,106,3
146028888074,RETURN,-1,,return f(t),34,120,2
146028888075,RETURN,-1,,return Array.from(t),14,127,2
146028888076,RETURN,1,,"return (
          (function (t) {
            if (Array.isArray(t)) return f(t);
          })(t) ||
          (function (t) {
            if (
              (""undefined"" != typeof Symbol && null != t[Symbol.iterator]) ||
              null != t[""@@iterator""]
            )
              return Array.from(t);
          })(t) ||
          s(t) ||
          (function () {
            throw new TypeError(
              ""Invalid attempt to spread non-iterable instance.\nIn order to be iterable, non-array objects must have a [Symbol.iterator]() method.""
            );
          })()
        )",8,118,1
146028888077,RETURN,-1,,return null,18,174,2
146028888078,RETURN,3,,"return o.join("""")",16,201,3
146028888079,RETURN,2,,return null,16,203,2
146028888080,RETURN,1,,"return l(x) === X
          ? x(t)
          : (function (t) {
              var e,
                n,
                r,
                a,
                o = [],
                i = 0,
                c = t.length;
              try {
                if (
                  E.test(t) ||
                  (/=/.test(t) && (/=[^=]/.test(t) || /={3}/.test(t)))
                )
                  return null;
                for (
                  c % 4 > 0 &&
                  (c = (t += G.Array(4 - (c % 4) + 1).join(""="")).length);
                  i < c;

                ) {
                  for (n = [], a = i; i < a + 4; )
                    n.push(S.indexOf(t.charAt(i++)));
                  for (
                    r = [
                      ((e =
                        (n[0] << 18) +
                        (n[1] << 12) +
                        ((63 & n[2]) << 6) +
                        (63 & n[3])) &
                        (255 << 16)) >>
                        16,
 ...",8,159,1
146028888081,RETURN,1,,"return (
          t &&
            t !== Y &&
            J(""Expected '"".concat(t, ""' instead of '"").concat(Y, ""'"")),
          (Y = Z.charAt(C)),
          (C += 1),
          Y
        )",8,330,1
146028888082,RETURN,-1,,return e,25,365,2
146028888083,RETURN,3,,"return L(), Y && J(""Syntax error""), e",8,371,3
146028888084,RETURN,-1,,"return k(), r",27,380,2
146028888085,RETURN,2,,"return e || ""\\u"" + (""0000"" + t.charCodeAt(0).toString(16)).slice(-4)",8,400,2
146028888086,RETURN,3,,"return ""null""",12,406,3
146028888087,RETURN,6,,return String(t),12,408,6
146028888088,RETURN,10,,"return ""NaN"" === n || ""Infinity"" === n ? F : n",12,411,10
146028888089,RETURN,13,,return z(t),12,413,13
146028888090,RETURN,-1,,return F,47,415,2
146028888091,RETURN,-1,,"return [
            '""',
            t.getFullYear(),
            ""-"",
            t.getMonth() + 1,
            ""-"",
            t.getDate(),
            ""T"",
            t.getHours(),
            "":"",
            t.getMinutes(),
            "":"",
            t.getSeconds(),
            ""."",
            t.getMilliseconds(),
            '""',
          ].join("""")",10,417,2
146028888092,RETURN,2,,"return (e[e.length > 1 ? e.length - 1 : e.length] = ""]""), e.join("""")",10,437,2
146028888093,RETURN,6,,"return (e[e.length > 1 ? e.length - 1 : e.length] = ""}""), e.join("""")",8,443,6
146028888094,RETURN,1,,"return (M.lastIndex = 0), '""' + (M.test(t) ? t.replace(M, j) : t) + '""'",8,446,1
146028888095,RETURN,-1,,"return k(""}""), e",46,455,2
146028888096,RETURN,-1,,"return k(""}""), e",20,466,2
146028888097,RETURN,-1,,"return k(""]""), t",46,476,2
146028888098,RETURN,-1,,"return k(""]""), t",53,478,2
146028888099,RETURN,3,,"return k(""t""), k(""r""), k(""u""), k(""e""), !0",22,494,3
146028888100,RETURN,6,,"return k(""f""), k(""a""), k(""l""), k(""s""), k(""e""), !1",22,496,6
146028888101,RETURN,9,,"return k(""n""), k(""u""), k(""l""), k(""l""), null",22,498,9
146028888102,RETURN,3,,"return (function () {
              var t,
                e = {};
              if (""{"" === Y) {
                if ((k(""{""), L(), ""}"" === Y)) return k(""}""), e;
                for (; Y; ) {
                  if (
                    ((t = W()),
                    L(),
                    k("":""),
                    e.hasOwnProperty(t) && J('Duplicate key ""' + t + '""'),
                    (e[t] = K()),
                    L(),
                    ""}"" === Y)
                  )
                    return k(""}""), e;
                  k("",""), L();
                }
              }
              J(""Bad object"");
            })()",12,451,3
146028888103,RETURN,6,,"return (function () {
              var t = [];
              if (""["" === Y) {
                if ((k(""[""), L(), ""]"" === Y)) return k(""]""), t;
                for (; Y; ) {
                  if ((t.push(K()), L(), ""]"" === Y)) return k(""]""), t;
                  k("",""), L();
                }
              }
              J(""Bad array"");
            })()",12,473,6
146028888104,RETURN,9,,return W(),12,485,9
146028888105,RETURN,12,,return H(),12,487,12
146028888106,RETURN,14,,"return Y >= ""0"" && Y <= ""9""
              ? H()
              : (function () {
                  switch (Y) {
                    case ""t"":
                      return k(""t""), k(""r""), k(""u""), k(""e""), !0;
                    case ""f"":
                      return k(""f""), k(""a""), k(""l""), k(""s""), k(""e""), !1;
                    case ""n"":
                      return k(""n""), k(""u""), k(""l""), k(""l""), null;
                  }
                  J(""Unexpected '"".concat(Y, ""'""));
                })()",12,489,14
146028888107,RETURN,1,,return tt,8,515,1
146028888108,RETURN,2,,"return l(t) === Q && 0 === t.indexOf(""http"") ? t : ""https:""",8,519,2
146028888109,RETURN,-1,,"return t.replace(/""/g, '\\""')",24,522,2
146028888110,RETURN,2,,"return l(Object.assign) === X
          ? Object.assign.apply(Object, Array.prototype.slice.call(arguments))
          : t
          ? (n.forEach(function (e) {
              for (var n in e) e.hasOwnProperty(n) && (t[n] = e[n]);
            }),
            t)
          : void 0",8,531,2
146028888111,RETURN,1,,return l(t) === b && null !== t,8,541,1
146028888112,RETURN,1,,return Math.round(+new Date() / 1e3),8,544,1
146028888113,RETURN,1,,return $,8,547,1
146028888114,RETURN,1,,"return l(Array.from) === X
          ? Array.from(t)
          : Array.prototype.slice.call(t)",8,564,1
146028888115,RETURN,1,,return +new Date(),8,569,1
146028888116,RETURN,3,,return e,8,603,3
146028888117,RETURN,1,,return q,8,606,1
146028888118,RETURN,-1,,return t.indexOf(e),37,609,2
146028888119,RETURN,-1,,return n,61,611,2
146028888120,RETURN,2,,return -1,10,612,2
146028888121,RETURN,4,,return n,8,622,4
146028888122,RETURN,1,,"return bt((e & n) | (~e & r), t, e, a, o, i)",8,625,1
146028888123,RETURN,1,,return St(Qt(t)),18,633,1
146028888124,RETURN,-1,,"return n
              ? Qt(t)
              : (function (t) {
                  return St(Qt(t));
                })(t)",12,630,2
146028888125,RETURN,-1,,"return St(Xt(e, t))",18,635,2
146028888126,RETURN,3,,"return Xt(e, t)",10,636,3
146028888127,RETURN,2,,return r,8,638,2
146028888128,RETURN,1,,"return bt((e & r) | (n & ~r), t, e, a, o, i)",8,641,1
146028888129,RETURN,1,,"return wt(Tt(dt(t), 8 * t.length))",10,645,1
146028888130,RETURN,1,,"return (function (t) {
          return wt(Tt(dt(t), 8 * t.length));
        })(At(t))",8,644,1
146028888131,RETURN,4,,"return wt(Tt(o.concat(i), 640))",10,663,4
146028888132,RETURN,1,,"return (function (t, e) {
          var n,
            r = dt(t),
            a = [],
            o = [];
          for (
            a[15] = o[15] = void 0,
              r.length > 16 && (r = Tt(r, 8 * t.length)),
              n = 0;
            n < 16;
            n += 1
          )
            (a[n] = 909522486 ^ r[n]), (o[n] = 1549556828 ^ r[n]);
          var i = Tt(a.concat(dt(e)), 512 + 8 * e.length);
          return wt(Tt(o.concat(i), 640));
        })(At(t), At(e))",8,649,1
146028888133,RETURN,1,,"return Et(
          ((i = Et(Et(e, t), Et(r, o))) << (c = a)) | (i >>> (32 - c)),
          n
        )",8,667,1
146028888134,RETURN,3,,return n,8,678,3
146028888135,RETURN,1,,return unescape(encodeURIComponent(t)),8,681,1
146028888136,RETURN,1,,"return bt(e ^ n ^ r, t, e, a, o, i)",8,684,1
146028888137,RETURN,4,,"return [c, u, l, f]",8,791,4
146028888138,RETURN,3,,return a,8,801,3
146028888139,RETURN,2,,return (((t >> 16) + (e >> 16) + (n >> 16)) << 16) | (65535 & n),8,805,2
146028888140,RETURN,1,,"return bt(n ^ (e | ~r), t, e, a, o, i)",8,808,1
146028888141,RETURN,1,,"return Array.isArray
          ? Array.isArray(t)
          : ""[object Array]"" === Object.prototype.toString.call(t)",8,812,1
146028888142,RETURN,1,,"return (
              (Object.getPrototypeOf && Object.getPrototypeOf(t)) ||
              t.__proto__ ||
              t.prototype
            )",12,826,1
146028888143,RETURN,-1,,return n,16,818,2
146028888144,RETURN,2,,return n,10,822,2
146028888145,RETURN,7,,return n,8,866,7
146028888146,RETURN,2,,return e,8,870,2
146028888147,RETURN,2,,"return Bt.indexOf(n) > -1 ? It(t, e) : (Bt.push(n), n)",8,884,2
146028888148,RETURN,1,,"return l(t) === X && /\{\s*\[native code\]\s*\}/.test("""" + t)",8,887,1
146028888149,RETURN,2,,"return -1 !== n ? n : (t.push(e), t.length - 1)",8,891,2
146028888150,RETURN,-1,,return !1,40,898,2
146028888151,RETURN,2,,return !0,10,901,2
146028888152,RETURN,-1,,return null,16,907,2
146028888153,RETURN,-1,,"return """"",16,909,2
146028888154,RETURN,7,,return r,8,914,7
146028888155,RETURN,-1,,return,18,919,2
146028888156,RETURN,5,,return Pt(r),10,922,5
146028888157,RETURN,-1,,return e,16,927,2
146028888158,RETURN,4,,return e,8,955,4
146028888159,RETURN,2,,return n,8,960,2
146028888160,RETURN,2,,"return l(a) === m && (a = l(r) === m ? ""missing"" : r), (t[e] = a), a",8,967,2
146028888161,RETURN,2,,return e + n,16,978,2
146028888162,RETURN,2,,return a,10,986,2
146028888163,RETURN,-1,,return,26,994,2
146028888164,RETURN,3,,"return a(t, e)",10,995,3
146028888165,RETURN,3,,"return (e = n), (e |= 0) < 0 && (e += 4294967296), e.toString(16)",8,1003,3
146028888166,RETURN,2,,"return e.length > 20 ? e.slice(e.length - 20, e.length).join(""\n"") : t",8,1007,2
146028888167,RETURN,1,,"return t
          ? t.replace(/\s{2,100}/g, "" "").replace(/[\r\n\t]+/g, ""\n"")
          : """"",8,1010,1
146028888168,RETURN,1,,return t + e[t],10,1016,1
146028888169,RETURN,2,,return t,10,1018,2
146028888170,RETURN,2,,"return (
          (v.cookie = """"
            .concat(e, ""; domain="")
            .concat(t, ""; SameSite=None; Secure; Partitioned"")),
          v.cookie.indexOf(e) > -1 &&
            ((v.cookie = """"
              .concat(e, ""; domain="")
              .concat(t, ""; SameSite=None; Secure; Partitioned; expires="")
              .concat(yn)),
            !0)
        )",8,1144,2
146028888171,RETURN,-1,,return gn,18,1158,2
146028888172,RETURN,-1,,return (gn = e),61,1162,2
146028888173,RETURN,2,,"return mn(t, dn[Ae]), d.hostname",10,1165,2
146028888174,RETURN,3,,"return c && (i = i + ""; domain=."" + c), (v.cookie = i + ""; "" + a), !0",10,1184,3
146028888175,RETURN,2,,return !1,10,1186,2
146028888176,RETURN,1,,return An,8,1193,1
146028888177,RETURN,2,,"return t.removeItem(r), !0",12,1209,2
146028888178,RETURN,2,,return !1,12,1211,2
146028888179,RETURN,1,,"return function (e) {
          var n =
            !(arguments.length > 1 && void 0 !== arguments[1]) || arguments[1];
          try {
            var r = Rn(e, n);
            return t.removeItem(r), !0;
          } catch (t) {
            return !1;
          }
        }",8,1204,1
146028888180,RETURN,2,,"return {
                type: t,
                getItem: Nn(e),
                setItem: kn(e),
                removeItem: In(e),
              }",14,1219,2
146028888181,RETURN,1,,return e[t],18,1231,1
146028888182,RETURN,1,,return (e[t] = n),18,1234,1
146028888183,RETURN,1,,return (e[t] = null),18,1237,1
146028888184,RETURN,2,,"return {
                type: Cn,
                getItem: function (t) {
                  return e[t];
                },
                setItem: function (t, n) {
                  return (e[t] = n);
                },
                removeItem: function (t) {
                  return (e[t] = null);
                },
              }",14,1228,2
146028888185,RETURN,1,,"return On(t)
          ? (function (t) {
              var e = G[t];
              return {
                type: t,
                getItem: Nn(e),
                setItem: kn(e),
                removeItem: In(e),
              };
            })(t)
          : (function (t) {
              var e = Zn[t];
              return {
                type: Cn,
                getItem: function (t) {
                  return e[t];
                },
                setItem: function (t, n) {
                  return (e[t] = n);
                },
                removeItem: function (t) {
                  return (e[t] = null);
                },
              };
            })(t)",8,1216,1
146028888186,RETURN,1,,"return e ? tt + ""_"" + t : t",8,1243,1
146028888187,RETURN,4,,"return t.removeItem(n), null === t.getItem(n) && a === r",18,1265,4
146028888188,RETURN,2,,return !1,18,1267,2
146028888189,RETURN,-1,,return Yn[t],28,1252,2
146028888190,RETURN,2,,"return (
            (Yn[t] =
              l(e) === b &&
              (function (t) {
                try {
                  var e = st(),
                    n = ""tk_"" + e,
                    r = ""tv_"" + e;
                  t.setItem(n, r);
                  var a = t.getItem(n);
                  return t.removeItem(n), null === t.getItem(n) && a === r;
                } catch (t) {
                  return !1;
                }
              })(e)),
            Yn[t]
          )",10,1255,2
146028888191,RETURN,2,,"return (Yn[t] = !1), Yn[t]",10,1273,2
146028888192,RETURN,2,,return t.getItem(r),12,1282,2
146028888193,RETURN,2,,return !1,12,1284,2
146028888194,RETURN,1,,"return function (e) {
          var n =
            !(arguments.length > 1 && void 0 !== arguments[1]) || arguments[1];
          try {
            var r = Rn(e, n);
            return t.getItem(r);
          } catch (t) {
            return !1;
          }
        }",8,1277,1
146028888195,RETURN,1,,return P(B(e.getItem(t))),10,1291,1
146028888196,RETURN,1,,"return t.setItem(a, n), !0",12,1301,1
146028888197,RETURN,2,,return !1,12,1303,2
146028888198,RETURN,1,,"return function (e, n) {
          var r =
              !(arguments.length > 2 && void 0 !== arguments[2]) ||
              arguments[2],
            a = Rn(e, r);
          try {
            return t.setItem(a, n), !0;
          } catch (t) {
            return !1;
          }
        }",8,1295,1
146028888199,RETURN,1,,return Hn && Hn.hasOwnProperty(t),8,1340,1
146028888200,RETURN,1,,return Hn ? Hn[t] : void 0,8,1348,1
146028888201,RETURN,2,,"return t.stack || """"",10,1375,2
146028888202,RETURN,-1,,"return r.pop().split("";"").shift()",26,1388,2
146028888203,RETURN,2,,return n,14,1397,2
146028888204,RETURN,2,,return t,12,1399,2
146028888205,RETURN,1,,"return String(e)
          .split(""."")
          .reduce(function (t, e) {
            try {
              t = t[e] || n;
            } catch (t) {
              return n;
            }
            return t;
          }, t)",8,1391,1
146028888206,RETURN,1,,return -1 !== n.name.indexOf(t),18,1411,1
146028888207,RETURN,1,,"return (
                t.some(function (t) {
                  return -1 !== n.name.indexOf(t);
                }) && n.initiatorType === e
              )",14,1409,1
146028888208,RETURN,3,,"return {
          resourceSize: n,
          resourcePath: r,
        }",8,1420,3
146028888209,RETURN,2,,return n.buffer,16,1438,2
146028888210,RETURN,-1,,return,12,1428,2
146028888211,RETURN,2,,"return (
          r[t[n++]] +
          r[t[n++]] +
          r[t[n++]] +
          r[t[n++]] +
          ""-"" +
          r[t[n++]] +
          r[t[n++]] +
          ""-"" +
          r[t[n++]] +
          r[t[n++]] +
          ""-"" +
          r[t[n++]] +
          r[t[n++]] +
          ""-"" +
          r[t[n++]] +
          r[t[n++]] +
          r[t[n++]] +
          r[t[n++]] +
          r[t[n++]] +
          r[t[n++]]
        )",8,1483,2
146028888212,RETURN,12,,return a === m ? a : m,8,1556,12
146028888213,RETURN,1,,return G[Pr],8,1581,1
146028888214,RETURN,1,,"return (
          Ar ||
          (Wr()
            ? (l((Ar = Jr() || Ot(""uuid"") || wr())) === Q &&
                36 !== Ar.length &&
                (Ar = Ar.trim()),
              Jr() || ((t = Ar), (G[Hr] = t)))
            : (Ar = wr()),
          Ar)
        )",8,1585,1
146028888215,RETURN,1,,return jr,8,1601,1
146028888216,RETURN,1,,return G[Hr],8,1604,1
146028888217,RETURN,1,,return G[xa],8,1664,1
146028888218,RETURN,-1,,return t(),41,1672,2
146028888219,RETURN,-1,,return,32,1669,2
146028888220,RETURN,1,,return G[Sa],8,1679,1
146028888221,RETURN,-1,,return !1,16,1700,2
146028888222,RETURN,4,,return n > 1e3 * e,8,1702,4
146028888223,RETURN,2,,"return t && t.getElementsByTagName(""iframe"").length > 0",8,1706,2
146028888224,RETURN,-1,,return Aa,16,1709,2
146028888225,RETURN,1,,"return (Aa = Ha.getItem(_a, !1)) || """"",10,1711,1
146028888226,RETURN,2,,"return """"",10,1713,2
146028888227,RETURN,2,,return isNaN(t) ? 3600 : t,8,1718,2
146028888228,RETURN,1,,return G.self !== G.top,8,1724,1
146028888229,RETURN,1,,"return I(kt(t, 4210))",12,1729,1
146028888230,RETURN,1,,return wa || (wa = Da.getItem(Pa)),8,1738,1
146028888231,RETURN,-1,,"return void (ta = t(""GQ8GXl9DYA""))",34,1759,2
146028888232,RETURN,1,,"return ua++, """"",22,1818,1
146028888233,RETURN,1,,return ma,8,1829,1
146028888234,RETURN,1,,return Ga,8,1832,1
146028888235,RETURN,3,,return n,8,1847,3
146028888236,RETURN,1,,return oa && oa.length > 0,8,1850,1
146028888237,RETURN,1,,return !!Element.prototype.attachShadow,8,1856,1
146028888238,RETURN,1,,"return G.setTimeout(function () {
          t(Date.now());
        }, 1e3 / 60)",8,2081,1
146028888239,RETURN,1,,return G.performance && l(G.performance.now) === X,8,2087,1
146028888240,RETURN,-1,,return Math.round(G.performance.now()),18,2090,2
146028888241,RETURN,1,,return t >= 0 ? parseInt(t) : To,12,2149,1
146028888242,RETURN,2,,"return (
          (Vo[t] = Vo[t] || {}),
          (Vo[t].s = Vo[t].s ? Vo[t].s + e : e),
          (Vo[t].c = Vo[t].c ? Vo[t].c + 1 : 1),
          (function (t) {
            return t >= 0 ? parseInt(t) : To;
          })(e)
        )",8,2144,2
146028888243,RETURN,1,,return bo() ? G.performance.now() : st(),8,2157,1
146028888244,RETURN,3,,return t,10,2169,3
146028888245,RETURN,2,,"return v[("""" === t ? ""v"" : ""V"") + ""isibilityState""]",8,2171,2
146028888246,RETURN,2,,return e && 11 !== e.nodeType ? e : null,10,2191,2
146028888247,RETURN,1,,"return !!(
            t.offsetWidth ||
            t.offsetHeight ||
            (t.getClientRects && t.getClientRects().length)
          )",10,2196,1
146028888248,RETURN,-1,,return t.tagName,60,2204,2
146028888249,RETURN,-1,,"return t.tagName + "":nth-child("" + (n + 1) + "")""",12,2207,2
146028888250,RETURN,2,,"return {
            left: e.left,
            top: e.top,
          }",10,2212,2
146028888251,RETURN,2,,"return {
            left: -1,
            top: -1,
          }",10,2217,2
146028888252,RETURN,-1,,"return ""#"" + t.id",22,2238,2
146028888253,RETURN,-1,,return n,48,2240,2
146028888254,RETURN,-1,,return n,54,2241,2
146028888255,RETURN,-1,,"return ""#"" + t.id + n",24,2242,2
146028888256,RETURN,-1,,return t.tagName + n,53,2243,2
146028888257,RETURN,-1,,return n,42,2244,2
146028888258,RETURN,-1,,"return """"",10,2232,2
146028888259,RETURN,-1,,return e ? Ho(r) : r,15,2235,2
146028888260,RETURN,5,,"return n || t.id || t.tagName || """"",8,2252,5
146028888261,RETURN,1,,return 1 === v.querySelectorAll(t).length,10,2256,1
146028888262,RETURN,2,,return !1,10,2258,2
146028888263,RETURN,1,,return e,12,2264,1
146028888264,RETURN,-1,,"return t.replace(/:nth-child\((\d+)\)/g, function (t, e) {
            return e;
          })",10,2263,2
146028888265,RETURN,2,,"return (
          t &&
            t.hasOwnProperty(Yo) &&
            (e = t[Yo] && ""false"" !== t[Yo] ? ""true"" : ""false""),
          e
        )",8,2291,2
146028888266,RETURN,-1,,return t.target || t.toElement || t.srcElement,15,2299,2
146028888267,RETURN,1,,return (t || st()) - (Ko() || 0),8,2302,1
146028888268,RETURN,1,,return Co,8,2308,1
146028888269,RETURN,1,,return t ? ti : ni,8,2348,1
146028888270,RETURN,-1,,"return [""pagehide""]",14,2378,2
146028888271,RETURN,2,,"return [""beforeunload"", ""unload"", ""pagehide""]",12,2379,2
146028888272,RETURN,2,,"return (
            t && /recaptcha/gi.test(t.getAttribute(""src"") || """") && (pi = t),
            pi && vi
          )",10,2480,2
146028888273,RETURN,2,,"return (
              !e &&
                n instanceof HTMLIFrameElement &&
                n.src.indexOf(Si) >= 0 &&
                ((e = !0),
                delete HTMLDivElement.prototype.appendChild,
                (mi = this.parentElement),
                (gi = n),
                Po(mi, Li),
                Po(gi, Li)),
              r
            )",12,2498,2
146028888274,RETURN,-1,,return,12,2493,2
146028888275,RETURN,3,,"return r.apply(this, e)",12,2582,3
146028888276,RETURN,2,,"return r || ((r = !0), Ui(t) && ((di = t.firstChild), Di())), a",16,2626,2
146028888277,RETURN,-1,,return,50,2615,2
146028888278,RETURN,-1,,"return (di = t.firstChild), void Di()",25,2616,2
146028888279,RETURN,-1,,return,32,2621,2
146028888280,RETURN,2,,"return (
            !e &&
              HTMLIFrameElement.prototype.isPrototypeOf(n) &&
              n.src.indexOf(wi) >= 0 &&
              ((e = !0),
              delete HTMLDivElement.prototype.appendChild,
              Mi() && (Oi(), si(Ni.bind(this, !1, ci)))),
            r
          )",10,2656,2
146028888281,RETURN,-1,,"return Oi(), void si(Ni.bind(this, !1, ci))",18,2651,2
146028888282,RETURN,-1,,return,42,2687,2
146028888283,RETURN,-1,,return n,21,2709,2
146028888284,RETURN,2,,return null,12,2712,2
146028888285,RETURN,-1,,return n.get.call(this),36,2727,2
146028888286,RETURN,-1,,"return n.set.call(this, t)",36,2740,2
146028888287,RETURN,3,,"return r.apply(this, e)",12,2756,3
146028888288,RETURN,1,,"return (
          !!(
            t.firstElementChild &&
            t.firstElementChild instanceof G.Element &&
            l(t.firstElementChild.getAttribute) === X
          ) && t.firstElementChild.className === Ca
        )",8,2760,1
146028888289,RETURN,1,,return Wr() === V,8,2769,1
146028888290,RETURN,1,,"return (t.__proto__ = e), t",14,2776,1
146028888291,RETURN,1,,"return (
          (Ki =
            Object.setPrototypeOf ||
            function (t, e) {
              return (t.__proto__ = e), t;
            }),
          Ki(t, e)
        )",8,2772,1
146028888292,RETURN,-1,,return !1,65,2782,2
146028888293,RETURN,-1,,return !1,36,2783,2
146028888294,RETURN,-1,,return !0,40,2784,2
146028888295,RETURN,1,,"return (
            Boolean.prototype.valueOf.call(
              Reflect.construct(Boolean, [], function () {})
            ),
            !0
          )",10,2786,1
146028888296,RETURN,2,,return !1,10,2793,2
146028888297,RETURN,4,,"return n && Ki(a, n.prototype), a",16,2804,4
146028888298,RETURN,1,,"return (
          (qi = Ji()
            ? Reflect.construct
            : function (t, e, n) {
                var r = [null];
                r.push.apply(r, e);
                var a = new (Function.bind.apply(t, r))();
                return n && Ki(a, n.prototype), a;
              }),
          qi.apply(null, arguments)
        )",8,2797,1
146028888299,RETURN,7,,return G[nn],18,2855,7
146028888300,RETURN,1,,"return this.hasOwnProperty(""toString"")
                        ? e.toString()
                        : this.toString()",22,2875,1
146028888301,RETURN,2,,"return (
              (function (t, e) {
                try {
                  Object.defineProperty(t, ""name"", {
                    value: e.name,
                  });
                } catch (t) {}
                try {
                  Object.defineProperty(t, ""length"", {
                    value: e.length,
                  });
                } catch (t) {}
                try {
                  ""function"" == typeof e.toString &&
                    (t.toString = function () {
                      return this.hasOwnProperty(""toString"")
                        ? e.toString()
                        : this.toString();
                    });
                } catch (t) {}
              })(o, t),
              o
            )",12,2860,2
146028888302,RETURN,-1,,"return void t(e(""GQ8GXVlCZQ""), c)",28,2989,2
146028888303,RETURN,2,,return n,8,3078,2
146028888304,RETURN,2,,return n,8,3097,2
146028888305,RETURN,1,,return Tc,8,3110,1
146028888306,RETURN,1,,return Sc,8,3113,1
146028888307,RETURN,1,,return t,10,3238,1
146028888308,RETURN,2,,"return (Kc = function () {
          return t;
        })()",8,3237,2
146028888309,RETURN,3,,return t,8,3261,3
146028888310,RETURN,1,,"return ""pxjsc"" === Wr()",8,3268,1
146028888311,RETURN,3,,return c,16,3348,3
146028888312,RETURN,4,,return W,8,3385,4
146028888313,RETURN,2,,"return ""_"" + tt[e(404)](/^PX|px/, """") + e(t)",8,3390,2
146028888314,RETURN,1,,return zc,8,3411,1
146028888315,RETURN,2,,return G[t],8,3432,2
146028888316,RETURN,2,,return a === r(n(t)) || a === r(n(e)),8,3471,2
146028888317,RETURN,1,,return n[(t -= 363)],10,3476,1
146028888318,RETURN,2,,"return (vu = function (t, e) {
          return n[(t -= 363)];
        })(t, e)",8,3475,2
146028888319,RETURN,1,,return Oc,22,3500,1
146028888320,RETURN,-1,,"return (
            (e = Ic),
            l(G.__PX16uD0kOF__) === X && v[e(428)](Ba)
              ? (function () {
                  var t = G.__PX16uD0kOF__;
                  !_c && l(t) === X && ((_c = !0), t("""", fu, iu));
                })()
              : ((n = 389),
                (r = Ic),
                void (
                  !Wr() &&
                  Object[r(n)] &&
                  ((G[ru()] = null),
                  Object[r(n)](G, ru(), {
                    set: function (t) {
                      (Oc = t), setTimeout(su, 0);
                    },
                    get: function () {
                      return Oc;
                    },
                  }))
                ))
          )",10,3482,2
146028888321,RETURN,1,,return +(t.timestamp || t.timeStamp || 0).toFixed(0),12,3637,1
146028888322,RETURN,2,,"return """".concat(n, "","").concat(r, "","").concat(a)",8,3639,2
146028888323,RETURN,-1,,return t.touches[0],41,3643,2
146028888324,RETURN,-1,,return t.changedTouches[0],12,3645,2
146028888325,RETURN,3,,return n,8,3667,3
146028888326,RETURN,3,,return n,8,3747,3
146028888327,RETURN,2,,return Eu,14,3777,2
146028888328,RETURN,2,,"return e
          ? (function (t) {
              Su[t] || (Su[t] = Eu++);
              return Eu;
            })(e)
          : 0",8,3774,2
146028888329,RETURN,-1,,return null,66,3812,2
146028888330,RETURN,3,,return n,16,3823,3
146028888331,RETURN,27,,return !0,18,3850,27
146028888332,RETURN,29,,return !1,18,3852,29
146028888333,RETURN,1,,"return ""submit"" === t.type
                  ? t.type
                  : t.nodeName
                  ? t.nodeName.toLowerCase()
                  : """"",16,3898,1
146028888334,RETURN,-1,,return null,16,3878,2
146028888335,RETURN,5,,return o,8,3906,5
146028888336,RETURN,2,,return n,8,3917,2
146028888337,RETURN,2,,"return (
              !!e[n(""GQ8GXl5Cbw"")] ||
              (pt(pl, t) > -1 ? ((e[n(""GQ8GXl5Cbw"")] = !0), !0) : void 0)
            )",12,3996,2
146028888338,RETURN,1,,"return (
          !!lu() &&
          Gu() &&
          vl &&
          (function (t, e) {
            var n = i;
            return (
              !!e[n(""GQ8GXl5Cbw"")] ||
              (pt(pl, t) > -1 ? ((e[n(""GQ8GXl5Cbw"")] = !0), !0) : void 0)
            );
          })(t, e)
        )",8,3990,1
146028888339,RETURN,-1,,return !0,66,4023,2
146028888340,RETURN,2,,return !1,8,4024,2
146028888341,RETURN,1,,return n[(t -= 435)],10,4089,1
146028888342,RETURN,2,,"return (_l = function (t, e) {
          return n[(t -= 435)];
        })(t, e)",8,4088,2
146028888343,RETURN,1,,return t,10,4154,1
146028888344,RETURN,2,,"return (Ol = function () {
          return t;
        })()",8,4153,2
146028888345,RETURN,1,,"return e ? e.apply(this, [t]) : JSON.parse(t)",10,4230,1
146028888346,RETURN,1,,return Fl === Jl(230),8,4236,1
146028888347,RETURN,1,,return l[e(r.N)](t) > -1,20,4375,1
146028888348,RETURN,2,,"return (
                  u[e(n.Q)](function (t) {
                    return l[e(r.N)](t) > -1;
                  }) && (t[o(e(n.S))] = !0),
                  c[e(n.B)](this)
                )",16,4373,2
146028888349,RETURN,1,,"return (
                    -1 ===
                    v[o(e)](t)
                      [o(n)]()
                      [o(r)]($l(o(a)))
                  )",18,4452,1
146028888350,RETURN,1,,"return (
                        void 0 !== G[e(t.N)] &&
                        void 0 !== p[e(t.Y)] &&
                        void 0 === G[e(t.Q)] &&
                        Dl()
                      )",22,4470,1
146028888351,RETURN,1,,"return (
                        (Fl === Jl(364) && l(G[e(t.N)]) === b) ||
                        -1 !== p[e(t.Y)][e(t.Q)](e(t.S)) ||
                        -1 !== p[e(t.B)][e(t.Q)](e(t.k))
                      )",22,4489,1
146028888352,RETURN,2,,"return (l(t) === X ? function () {} : {})[
              n(e.N) + l("""")[n(e.Y)](1)
            ][n(e.Q)](t)",12,4520,2
146028888353,RETURN,1,,"return !!(function (t) {
            var e = {
                N: 258,
                Y: 316,
                Q: 315,
              },
              n = Jl;
            return (l(t) === X ? function () {} : {})[
              n(e.N) + l("""")[n(e.Y)](1)
            ][n(e.Q)](t);
          })(t)[e(227)](/\{\s*\[native code\]\s*\}$/m)",10,4513,1
146028888354,RETURN,2,,return !1,10,4525,2
146028888355,RETURN,-1,,return null,16,4537,2
146028888356,RETURN,-1,,return n,12,4540,2
146028888357,RETURN,2,,return n,10,4542,2
146028888358,RETURN,4,,return null,8,4544,4
146028888359,RETURN,-1,,return,43,4571,2
146028888360,RETURN,4,,"return a[r(n.Y)](e) > -1 && (o = !0), o",12,4574,4
146028888361,RETURN,1,,return t,10,4753,1
146028888362,RETURN,2,,"return (Kl = function () {
          return t;
        })()",8,4752,2
146028888363,RETURN,1,,return n[(t -= 214)],10,4759,1
146028888364,RETURN,2,,"return (Jl = function (t, e) {
          return n[(t -= 214)];
        })(t, e)",8,4758,2
146028888365,RETURN,4,,"return (i[e(t.k)] = a), i",18,4822,4
146028888366,RETURN,1,,return e[1] - t[1],18,4828,1
146028888367,RETURN,9,,return o,12,4853,9
146028888368,RETURN,1,,"return [void 0, null][n(e.N)](t) > -1 || t != t
                            ? t
                            : Ll(U(t))",26,4961,1
146028888369,RETURN,2,,"return String[e(n.N)](t[e(n.Y)](0) + (t[e(n.Q)]() <= ""M"" ? a : -a))",10,5135,2
146028888370,RETURN,2,,"return t[r(e.Y)](/[A-Za-z]/g, function (t) {
          var e = r;
          return String[e(n.N)](t[e(n.Y)](0) + (t[e(n.Q)]() <= ""M"" ? a : -a));
        })",8,5133,2
146028888371,RETURN,3,,return o,10,5146,3
146028888372,RETURN,1,,return void 0 !== t,8,5150,1
146028888373,RETURN,2,,return G[t],8,5155,2
146028888374,RETURN,1,,return af,8,5181,1
146028888375,RETURN,1,,return af > 1,8,5184,1
146028888376,RETURN,1,,"return (
          G.webkit &&
          G.webkit.messageHandlers &&
          G.webkit.messageHandlers.pxMobileData
        )",8,5190,1
146028888377,RETURN,1,,return af && !!af,8,5211,1
146028888378,RETURN,-1,,"return t(e), void Tn(gf)",25,5238,2
146028888379,RETURN,1,,return t,10,5343,1
146028888380,RETURN,2,,"return (Yf = function () {
          return t;
        })()",8,5342,2
146028888381,RETURN,2,,return !1,10,5738,2
146028888382,RETURN,3,,return !(!e || b !== l(e)) && (e.do || e.ob),8,5740,3
146028888383,RETURN,2,,return e,8,5787,2
146028888384,RETURN,1,,return n[(t -= 341)],10,5795,1
146028888385,RETURN,2,,"return (Uf = function (t, e) {
          return n[(t -= 341)];
        })(t, e)",8,5794,2
146028888386,RETURN,-1,,return !1,30,5824,2
146028888387,RETURN,2,,return t + unescape(ts + i),10,5853,2
146028888388,RETURN,1,,"return (t || """").split("""").reduce(function (t, e) {
          var n,
            r,
            a,
            o = """" + po(e, 0).toString(16),
            i =
              ((n = o),
              (r = 2),
              (a = ""0""),
              (r >>= 0),
              (a = String(l(a) !== m ? a : "" "")),
              n.length > r
                ? String(n)
                : ((r -= n.length) > a.length && (a += a.repeat(r / a.length)),
                  a.slice(0, r) + String(n)));
          return t + unescape(ts + i);
        }, """")",8,5838,1
146028888389,RETURN,1,,"return t + go(parseInt(e.substr(0, 2), 16))",16,5862,1
146028888390,RETURN,2,,"return t.substring(0, n) + t.substring(n + e.length)",8,5866,2
146028888391,RETURN,13,,"return X && v.push(Lr + X), v",8,5924,13
146028888392,RETURN,2,,"return new yo(function (e) {
          setTimeout(function () {
            try {
              var n,
                r = new (G.OfflineAudioContext || G.webkitOfflineAudioContext)(
                  1,
                  44100,
                  44100
                );
              if (!r)
                e(
                  (u((n = {}), t(""GQ8GXl1EYQ""), ss),
                  u(n, t(""GQ8GXVhDbw""), ss),
                  n)
                );
              var a = r.createOscillator(),
                o = (l(r.currentTime) === y && r.currentTime) || 0;
              (a.type = ""sine""), hs(a.frequency, 1e4, o);
              var c = r.createDynamicsCompressor();
              hs(c.threshold, -50, o),
                hs(c.knee, 40, o),
                hs(c.ratio, 12, o),
                hs(c.reduction, -20, o),
                hs(c.attack, 0, o),
                hs(c.release, 0.25, o),
                a.connect(c),
                c.connect(r.destination),
                a.start(0...",8,5964,2
146028888393,RETURN,1,,return t.getParameter(e) || vs,10,6034,1
146028888394,RETURN,2,,return vs,10,6036,2
146028888395,RETURN,2,,"return new yo(function (e) {
          setTimeout(function () {
            var n = vs;
            try {
              var r = Xs(860, 6);
              if (r) {
                var a = Qs(r);
                if (((n = t(""GQ8GXlBLZA"")), a)) {
                  a.font = ""6px sans-serif"";
                  var o = 1;
                  [
                    97, 667, 917, 1050, 1344, 1488, 1575, 1808, 1931, 2342,
                    2476, 2583, 2711, 2825, 2980, 3108, 3221, 3374, 3517, 3524,
                    3652, 3749, 3926, 4121, 4325, 4877, 5091, 5123, 6017, 6190,
                    6682, 7070, 11612, 20206, 27721, 41352, 43415, 54620, 55295,
                  ].forEach(function (t) {
                    a.fillText(go(""0x"" + t.toString(16)), 6 * o, 6), o++;
                  });
                  for (var i = 9881; i < 9983; i++)
                    a.fillText(go(""0x"" + i.toString(16)), 6 * o, 6), o++;
                  n = gt(a.canvas.toDataURL());
                }
           ...",8,6041,2
146028888396,RETURN,2,,"return (
                  u((t = {}), e(""GQ8GXlpGZA""), vs),
                  u(t, e(""GQ8GXVtKZA""), vs),
                  u(t, e(""GQ8GXlFCZw""), []),
                  u(t, e(""GQ8GXlxFYQ""), vs),
                  u(t, e(""GQ8GXVlAZA""), vs),
                  u(t, e(""GQ8GXlxAYA""), vs),
                  u(t, e(""GQ8GXVhHbw""), [vs]),
                  u(t, e(""GQ8GXVpGZA""), vs),
                  u(t, e(""GQ8GXl1GYw""), vs),
                  u(t, e(""GQ8GXlxAYg""), vs),
                  t
                )",16,6089,2
146028888397,RETURN,2,,"return new yo(function (i) {
                    setTimeout(function () {
                      try {
                        (r = t.createBuffer()), t.bindBuffer(t.ARRAY_BUFFER, r);
                        var u = new Float32Array([
                          -0.2, -0.9, 0, 0.4, -0.26, 0, 0, 0.732134444, 0,
                        ]);
                        t.bufferData(t.ARRAY_BUFFER, u, t.STATIC_DRAW),
                          (r.itemSize = 3),
                          (r.numItems = 3),
                          (a = t.createProgram()),
                          (o = t.createShader(t.VERTEX_SHADER)),
                          t.shaderSource(o, ps),
                          t.compileShader(o),
                          (c = t.createShader(t.FRAGMENT_SHADER)),
                          t.shaderSource(c, ds),
                          t.compileShader(c),
                          t.attachShader(a, o),
                          t.attachShader(a, c),
                          t.lin...",18,6138,2
146028888398,RETURN,2,,"return new yo(function (r) {
                    setTimeout(function () {
                      try {
                        (e.webglRenderer = ms(t, t.RENDERER)),
                          (e.shadingLangulageVersion = ms(
                            t,
                            t.SHADING_LANGUAGE_VERSION
                          )),
                          (e.webglVendor = ms(t, t.VENDOR)),
                          (e.webGLVersion = ms(t, t.VERSION));
                        var a = t.getExtension(""WEBGL_debug_renderer_info"");
                        a &&
                          ((e.unmaskedVendor = ms(t, a.UNMASKED_VENDOR_WEBGL)),
                          (e.unmaskedRenderer = ms(
                            t,
                            a.UNMASKED_RENDERER_WEBGL
                          ))),
                          (e.webglParameters = []);
                        var o = e.webglParameters;
                        if (
                          (o.push(u(ms(t, t.ALI...",18,6190,2
146028888399,RETURN,1,,"return (
                      t.clearColor(0, 0, 0, 1),
                      t.enable(t.DEPTH_TEST),
                      t.depthFunc(t.LEQUAL),
                      t.clear(t.COLOR_BUFFER_BIT | t.DEPTH_BUFFER_BIT),
                      ""["" + e[0] + "", "" + e[1] + ""]""
                    )",20,6112,1
146028888400,RETURN,2,,"return n
                      ? (0 ===
                          (e = t.getParameter(
                            n.MAX_TEXTURE_MAX_ANISOTROPY_EXT
                          )) && (e = 2),
                        e)
                      : null",20,6128,2
146028888401,RETURN,1,,return s(),20,6260,1
146028888402,RETURN,1,,return n(e),20,6263,1
146028888403,RETURN,-1,,"return r[t(""GQ8GXlFCZw"")].push(t(""GQ8GXV1BZQ"")), e(r)",22,6105,2
146028888404,RETURN,-1,,"return r[t(""GQ8GXlFCZw"")].push(t(""GQ8GXlBLZA"")), e(r)",22,6108,2
146028888405,RETURN,2,,"return r[t(""GQ8GXlFCZw"")].push(t(""GQ8GXl1EYg"")), e(r)",14,6281,2
146028888406,RETURN,2,,"return new yo(function (e) {
          setTimeout(function () {
            var n = {
                canvasfp: vs,
                webglRenderer: vs,
                shadingLangulageVersion: vs,
                webglVendor: vs,
                webGLVersion: vs,
                unmaskedVendor: vs,
                unmaskedRenderer: vs,
                webglParameters: [vs],
                errors: [],
              },
              r = (function () {
                var t,
                  e = i;
                return (
                  u((t = {}), e(""GQ8GXlpGZA""), vs),
                  u(t, e(""GQ8GXVtKZA""), vs),
                  u(t, e(""GQ8GXlFCZw""), []),
                  u(t, e(""GQ8GXlxFYQ""), vs),
                  u(t, e(""GQ8GXVlAZA""), vs),
                  u(t, e(""GQ8GXlxAYA""), vs),
                  u(t, e(""GQ8GXVhHbw""), [vs]),
                  u(t, e(""GQ8GXVpGZA""), vs),
                  u(t, e(""GQ8GXl1GYw""), vs),
                  u(t, e(""GQ8GXlxAYg""), vs),
           ...",8,6073,2
146028888407,RETURN,2,,return e && l(e.fillText) === X ? e : null,8,6288,2
146028888408,RETURN,2,,"return (
          (n.width = t || 2e3),
          (n.height = e || 200),
          (n.style.display = ""inline""),
          n
        )",8,6292,2
146028888409,RETURN,2,,"return new yo(function (e) {
          setTimeout(function () {
            var n = vs;
            try {
              var r = Xs(650, 12);
              if (r) {
                var a = Qs(r);
                if (((n = t(""GQ8GXlBLZA"")), a)) {
                  a.font = ""8px sans-serif"";
                  for (var o = 1, i = 128512; i < 128591; i++)
                    a.fillText(go(""0x"" + i.toString(16)), 8 * o, 8), o++;
                  n = gt(a.canvas.toDataURL());
                }
              } else n = t(""GQ8GXV1BZQ"");
            } catch (e) {
              n = t(""GQ8GXl1EYg"");
            }
            e(u({}, t(""GQ8GXlBBYQ""), n));
          }, 1);
        })",8,6301,2
146028888410,RETURN,-1,,return t,34,6349,2
146028888411,RETURN,3,,return o,14,6379,3
146028888412,RETURN,1,,"return (
          (function (t) {
            if (Array.isArray(t)) return t;
          })(t) ||
          (function (t, e) {
            var n =
              null == t
                ? null
                : (""undefined"" != typeof Symbol && t[Symbol.iterator]) ||
                  t[""@@iterator""];
            if (null != n) {
              var r,
                a,
                o = [],
                i = !0,
                c = !1;
              try {
                for (
                  n = n.call(t);
                  !(i = (r = n.next()).done) &&
                  (o.push(r.value), !e || o.length !== e);
                  i = !0
                );
              } catch (t) {
                (c = !0), (a = t);
              } finally {
                try {
                  i || null == n.return || n.return();
                } finally {
                  if (c) throw a;
                }
              }
              return o;
            }
          })(t, e) ||
     ...",8,6347,1
146028888413,RETURN,1,,return t,10,6427,1
146028888414,RETURN,2,,"return (Ts = function () {
          return t;
        })()",8,6426,2
146028888415,RETURN,1,,return n[(t -= 409)],10,6486,1
146028888416,RETURN,2,,"return (Ws = function (t, e) {
          return n[(t -= 409)];
        })(t, e)",8,6485,2
146028888417,RETURN,1,,return n[(t -= 254)],10,6492,1
146028888418,RETURN,2,,"return (js = function (t, e) {
          return n[(t -= 254)];
        })(t, e)",8,6491,2
146028888419,RETURN,2,,"return (
                !p[r] &&
                  !p[n(e)](r) &&
                  ((p[r] = 1), (a = 1 !== p[r]), delete p[r]),
                a
              )",14,6531,2
146028888420,RETURN,2,,return !0,14,6538,2
146028888421,RETURN,-1,,"return Pt(o + """")",28,6553,2
146028888422,RETURN,2,,"return (
                  p[e(t.Y)] &&
                    ((p[e(t.Y)][n] = 1),
                    (r = 1 !== p[e(t.Q)][n]),
                    delete p[e(t.S)][n]),
                  r
                )",16,6567,2
146028888423,RETURN,2,,return !0,16,6575,2
146028888424,RETURN,-1,,"return (
                  !Mt(Ys) ||
                  !(!Ys[Zs] || Mt(Ys[Zs])) ||
                  !(!Ys[Is] || Mt(Ys[Is])) ||
                  void 0
                )",16,6580,2
146028888425,RETURN,-1,,"return (
                    na !== n[e(t.Q)] || ra !== n[e(t.S)] || aa !== n[e(t.B)]
                  )",18,6603,2
146028888426,RETURN,2,,return t[n(e)](),16,6615,2
146028888427,RETURN,1,,"return Array[e(t.O)][e(t.Y)]
                  [e(t.Q)](G[e(t.S)](v[e(t.B)], """"))
                  [e(t.k)]("""")
                  [e(t.f)](/-(moz|webkit|ms)-/)[1]",16,6630,1
146028888428,RETURN,1,,return G[e(t.O)][e(t.Y)]()[e(t.Q)],16,6644,1
146028888429,RETURN,-1,,return n[e(t.S)]() === B(e(t.B)),23,6666,2
146028888430,RETURN,7,,return h,14,6707,7
146028888431,RETURN,3,,return !0,16,6717,3
146028888432,RETURN,2,,return !1,16,6719,2
146028888433,RETURN,2,,return /^(s|a).*(usc|da).*/[e(o)](t[e(i)]()),20,6735,2
146028888434,RETURN,1,,"return Object[c(t)](G)
                  [c(e)](function (t) {
                    var e = c;
                    return /^(s|a).*(usc|da).*/[e(o)](t[e(i)]());
                  })
                  [c(n)]()
                  [c(r)](""."")
                  [c(a)](0, 100)",16,6732,1
146028888435,RETURN,2,,return Pt(o),8,6761,2
146028888436,RETURN,1,,return t,10,7148,1
146028888437,RETURN,2,,"return (Ks = function () {
          return t;
        })()",8,7147,2
146028888438,RETURN,1,,return e(t),12,7826,1
146028888439,RETURN,-1,,return t,27,7836,2
146028888440,RETURN,-1,,"return (
                (a = !0),
                (function (t, e) {
                  try {
                    t();
                  } catch (t) {
                    if (e) return t;
                  }
                })(function () {
                  i.terminate();
                }),
                n(t)
              )",14,7830,2
146028888441,RETURN,2,,"return (
          (i.onmessage = function (t) {
            return e(t);
          }),
          (i.onerror = function (t) {
            if (!a)
              return (
                (a = !0),
                (function (t, e) {
                  try {
                    t();
                  } catch (t) {
                    if (e) return t;
                  }
                })(function () {
                  i.terminate();
                }),
                n(t)
              );
          }),
          i
        )",8,7824,2
146028888442,RETURN,1,,return t,10,7877,1
146028888443,RETURN,2,,"return ($s = function () {
          return t;
        })()",8,7876,2
146028888444,RETURN,1,,return v + 44915 - r.charCodeAt(9),16,7886,1
146028888445,RETURN,1,,return xs === t,8,7892,1
146028888446,RETURN,1,,return q * 22301 + k.charCodeAt(3),16,7902,1
146028888447,RETURN,1,,return c + 3488 - t.charCodeAt(24),16,7915,1
146028888448,RETURN,1,,return o - 16406 - r.charCodeAt(32),16,7928,1
146028888449,RETURN,1,,return n[(t -= 149)],10,7936,1
146028888450,RETURN,2,,"return (oh = function (t, e) {
          return n[(t -= 149)];
        })(t, e)",8,7935,2
146028888451,RETURN,1,,return Math.floor(i / 22248) + w.charCodeAt(23),16,7954,1
146028888452,RETURN,1,,return Math.floor(w / 2708) + b.charCodeAt(11),16,7967,1
146028888453,RETURN,1,,return Math.floor(v / 32916) * x.charCodeAt(17),16,7980,1
146028888454,RETURN,1,,return (k + 33174) / a.charCodeAt(18),16,7991,1
146028888455,RETURN,1,,return m * 35168 * u.charCodeAt(30),16,8004,1
146028888456,RETURN,1,,return (q - 46172) / o.charCodeAt(2),16,8015,1
146028888457,RETURN,2,,"return B(t)[a(e)]("""")[a(n)]()[a(r)]("""")",14,8030,2
146028888458,RETURN,1,,return t,10,8511,1
146028888459,RETURN,2,,"return (ph = function () {
          return t;
        })()",8,8510,2
146028888460,RETURN,1,,return n[(t -= 339)],10,8517,1
146028888461,RETURN,2,,"return (dh = function (t, e) {
          return n[(t -= 339)];
        })(t, e)",8,8516,2
146028888462,RETURN,2,,return Dh(G[t(it)][t(ct)]),14,8664,2
146028888463,RETURN,2,,"return Dh(Object[t(nt)](HTMLDocument[t(rt)], t(at))[t(ot)])",16,8673,2
146028888464,RETURN,2,,return Dh(Object[t(tt)][t(et)]),16,8682,2
146028888465,RETURN,1,,return Dh(p[ut($)]),16,8690,1
146028888466,RETURN,-1,,"return Pt("""" + (e[t(J)] || """") + (e[t(q)] || """"))",23,8700,2
146028888467,RETURN,-1,,return,38,8720,2
146028888468,RETURN,3,,return n[e(t.f)][e(t.M)](),16,8721,3
146028888469,RETURN,2,,return ro(oa[r][n(e)]),16,8731,2
146028888470,RETURN,4,,return gt(n),14,8744,4
146028888471,RETURN,2,,return Dh(v[t(j)][t(U)]),18,8754,2
146028888472,RETURN,2,,return Dh(G[t(P)][t(W)]),18,8763,2
146028888473,RETURN,1,,return Dh(p[ut(H)]),18,8771,1
146028888474,RETURN,1,,return Dh(p[ut(D)]),18,8779,1
146028888475,RETURN,1,,return Dh(Object[ut(L)]),18,8787,1
146028888476,RETURN,2,,return Dh(Object[t(F)][t(k)]),18,8796,2
146028888477,RETURN,-1,,return i,22,8807,2
146028888478,RETURN,5,,return i,14,8821,5
146028888479,RETURN,-1,,"return Pt("""" + (e[t(O)] || """") + (e[t(N)] || """"))",23,8833,2
146028888480,RETURN,1,,return no() ? 1 : 0,12,8858,1
146028888481,RETURN,2,,return (history && l(history[t(m)]) === y && history[t(m)]) || -1,14,8867,2
146028888482,RETURN,4,,return n,12,8888,4
146028888483,RETURN,1,,"return null !== v[e(t.Q)](0, 0)",16,8899,1
146028888484,RETURN,2,,return !0,16,8901,2
146028888485,RETURN,1,,return +t,12,8922,1
146028888486,RETURN,1,,return 0.5 - Math[f(l)](),10,8947,1
146028888487,RETURN,1,,return (Qh[t] = h[t]),18,8957,1
146028888488,RETURN,2,,"return (
                delete h.ts,
                Xh[n(e)](function (t) {
                  return (Qh[t] = h[t]);
                }),
                t(!r && h)
              )",14,8954,2
146028888489,RETURN,-1,,"return setTimeout(function () {
                Yh(t, e, ++n, r);
              }, 0)",14,8973,2
146028888490,RETURN,2,,"return (t[f(u(c))] = ++n), r()",10,8978,2
146028888491,RETURN,-1,,return r(),43,8980,2
146028888492,RETURN,-1,,return e,23,8985,2
146028888493,RETURN,-1,,return f,21,9022,2
146028888494,RETURN,9,,return f,12,9049,9
146028888495,RETURN,2,,"return (
                (o += Cs && Cs[Os] ? (Cs[Os] + """")[r(e)] : 0),
                o + (v && v[Rs] ? (v[Rs] + """")[r(n)] : 0)
              )",14,9058,2
146028888496,RETURN,2,,"return (
              !!p[h(e)] &&
              ((t =
                l(p[h(e)][h(n)]) === X
                  ? p[h(r)][h(n)]()
                  : p[h(a)][h(o)] && l(p[h(i)][h(o)][h(n)]) === X
                  ? p[h(c)][h(o)][h(n)]()
                  : l(p[h(e)])) === h(u) ||
                t === h(f) ||
                t === h(s))
            )",12,9205,2
146028888497,RETURN,4,,return n,12,9231,4
146028888498,RETURN,1,,return new Date()[e(t.Q)](),16,9260,1
146028888499,RETURN,2,,return 9999,16,9262,2
146028888500,RETURN,2,,return i === o(r) || /MSMimeTypesCollection/i[o(a)](i),18,9283,2
146028888501,RETURN,2,,return !1,18,9285,2
146028888502,RETURN,1,,return p[Jt(Kt)],12,9333,1
146028888503,RETURN,1,,return G[t(Dt)] && G[t(Ht)][B(t(Pt))],14,9535,1
146028888504,RETURN,-1,,return !0,35,9567,2
146028888505,RETURN,-1,,return !0,60,9569,2
146028888506,RETURN,-1,,return !0,46,9570,2
146028888507,RETURN,3,,return !1,14,9572,3
146028888508,RETURN,3,,return e,14,9595,3
146028888509,RETURN,-1,,return !1,18,9608,2
146028888510,RETURN,2,,"return t && t(e), !1",18,9616,2
146028888511,RETURN,3,,return e,16,9633,3
146028888512,RETURN,3,,return t,16,9651,3
146028888513,RETURN,1,,return _t(G[Wt(Rt)]),18,9664,1
146028888514,RETURN,1,,"return (
                  G[g(t)](g(e)) ||
                  G[g(n)](""Ti"") ||
                  G[g(n)](g(r)) ||
                  G[g(a)](g(o)) ||
                  v[g(t)](g(i)) ||
                  p[g(t)](g(c)) ||
                  (G[g(u)] && g(l) in G[g(f)]) ||
                  (p[g(s)][g(h)](g(d)) > 0 && -1 === p[g(s)][g(h)](g(m)))
                )",16,9779,1
146028888515,RETURN,2,,return !1,16,9790,2
146028888516,RETURN,-1,,return Pt(t),24,9844,2
146028888517,RETURN,-1,,return t(n),40,10377,2
146028888518,RETURN,2,,"return new yo(function (e) {
          setTimeout(function () {
            try {
              !(function (t) {
                var e = v.getElementsByTagName(""body"")[0] || v.documentElement;
                yh = v.createElement(""div"");
                var n = Uh(),
                  r = Uh();
                (r.style.fontFamily = ""test-font""),
                  yh.appendChild(n),
                  yh.appendChild(r),
                  e.appendChild(yh),
                  (function (t) {
                    var e = 0,
                      n = {},
                      r = Uh();
                    yh.appendChild(r);
                    var a = zn(Ln[ne]) ? 4 : 70;
                    Xo(function o() {
                      try {
                        for (var i = Math.ceil(Wh / a); i; ) {
                          if (e === Wh) return t(n);
                          var c = Ph[e];
                          (r.style.fontFamily = '""'.concat(c, '""')),
                            (n[...",8,10356,2
146028888519,RETURN,2,,"return (
          (t.style.position = ""absolute""),
          (t.style.left = ""-9999px""),
          (t.style.fontSize = ""72px""),
          (t.style.fontStyle = e),
          (t.style.fontWeight = e),
          (t.style.letterSpacing = e),
          (t.style.lineBreak = ""auto""),
          (t.style.lineHeight = e),
          (t.style.textTransform = n),
          (t.style.textAlign = ""left""),
          (t.style.textDecoration = n),
          (t.style.textShadow = n),
          (t.style.whiteSpace = e),
          (t.style.wordBreak = e),
          (t.style.wordSpacing = e),
          (t.innerHTML = ""mmmmmmmmmmlli""),
          t
        )",8,10442,2
146028888520,RETURN,7,,return t,12,10547,7
146028888521,RETURN,1,,"return (
          oG(G, qh),
          oG(v, $h),
          oG(d, tG),
          oG(p, eG),
          (function () {
            try {
              var t = v.documentElement;
              if (l(t.getAttributeNames) === X)
                for (var e = t.getAttributeNames(), n = 0; n < e.length; n++)
                  aG(e[n]) && nG.push(e[n]);
              else if (t.attributes)
                for (var r = t.attributes, a = 0; a < r.length; a++) {
                  var o = r[a];
                  o && aG(o.name) && nG.push(o.name);
                }
            } catch (t) {}
          })(),
          (function () {
            var t = {};
            qh.length && (t.windowKeys = qh);
            $h.length && (t.documentKeys = $h);
            tG.length && (t.locationKeys = tG);
            eG.length && (t.navigatorKeys = eG);
            nG.length && (t.docAttributes = nG);
            return t;
          })()
        )",8,10522,1
146028888522,RETURN,1,,"return (
          /-|\^|^_(?!px)|\$|antom|enium|hromium|tomation|omium|^geb|river|(?!^\d{1,2}$)^.*\d/gi.test(
            t
          ) && -1 === t.indexOf(et().substring(2))
        )",8,10552,1
146028888523,RETURN,1,,"return new yo(function (e) {
            var n = G[B(""UlRDUnRwUmVjZWl2ZXI="")],
              r = B(""Z2V0Q2FwYWJpbGl0aWVz"");
            if (n && l(n[r]) === X)
              try {
                e(U(n[r](t)));
              } catch (t) {
                e(U(t && t.message));
              }
            else e(""no_fp"");
          })",10,10598,1
146028888524,RETURN,1,,"return new yo(function (e) {
            for (
              var o = v.createElement(t), i = t === a ? c : f, u = """", s = 0;
              s < i.length;
              s++
            )
              try {
                l(o[r]) === X && (u += o[r](i[s])),
                  l(n) === X && (u += n(i[s]));
              } catch (t) {
                e(U(t && t.message));
              }
            e(u);
          })",10,10611,1
146028888525,RETURN,1,,"return u({}, t(""GQ8GXVpGYg""), gt(e))",10,10627,1
146028888526,RETURN,4,,"return yo.all([s(a), s(o), h(a), h(o)]).then(function (e) {
          return u({}, t(""GQ8GXVpGYg""), gt(e));
        })",8,10626,4
146028888527,RETURN,3,,return e,8,10807,3
146028888528,RETURN,2,,return t === T || t === V,8,10811,2
146028888529,RETURN,3,,return r,12,10828,3
146028888530,RETURN,1,,return JSON.parse(window.localStorage.getItem(p)),26,10852,1
146028888531,RETURN,2,,return new Date(e).toISOString(),24,10859,2
146028888532,RETURN,2,,return JSON.parse(atob(t))[d],26,10874,2
146028888533,RETURN,2,,"return {
                    PX12199: r && r.toString(),
                    PX11639: n,
                    PX11458: e,
                    PX12394: t.email,
                  }",18,10877,2
146028888534,RETURN,-1,,return t[e],28,10896,2
146028888535,RETURN,3,,return e,24,10930,3
146028888536,RETURN,1,,"return (
                    (window && window.location && window.location[t]) || """"
                  )",18,10954,1
146028888537,RETURN,1,,"return window.performance &&
                    ""function"" == typeof window.performance.now
                    ? window.performance.now()
                    : +new Date()",18,10959,1
146028888538,RETURN,6,,"return (
                  (l = u = c = o = void 0),
                  (o = v(""hash"")),
                  (c = v(""pathname"")),
                  (l = w()),
                  (u = setInterval(function () {
                    try {
                      var t = v(""pathname""),
                        e = v(""hash"");
                      if (c !== t || o !== e) {
                        var n = v(""origin"");
                        a.PX12532 = {
                          document_referrer: n + c + o,
                          document_newurl: n + t + e,
                          ad_last_page_time: Math.round(w() - l),
                        };
                        try {
                          i(""PX11547"", Object.assign({}, a, m()));
                        } catch (t) {}
                        (o = e), (c = t), (l = w()), h();
                      }
                    } catch (t) {
                      r(t), u && (clearInterval(u), (u = 0));
                    }
            ...",16,10964,6
146028888539,RETURN,1,,"return mn(t, dn[me])",18,10998,1
146028888540,RETURN,-1,,return,50,10993,2
146028888541,RETURN,3,,"return e(
                t,
                gl,
                function (t) {
                  return mn(t, dn[me]);
                },
                gt
              )",14,10994,3
146028888542,RETURN,-1,,return !0,26,11007,2
146028888543,RETURN,-1,,return !1,60,11009,2
146028888544,RETURN,3,,return !0,14,11010,3
146028888545,RETURN,1,,"return zn(Ln[ne])
          ? 1
          : ((t = vG.getItem(sG)) || vG.setItem(sG, 1),
            t ? 1e3 : +Jn(Ln[le]) || 2e4)",8,11016,1
146028888546,RETURN,1,,"return (
          (""_"" === t[0] || ""$"" === t[0] || -1 !== pt(hG, t)) && t.length <= 200
        )",8,11023,1
146028888547,RETURN,4,,return t,8,11038,4
146028888548,RETURN,1,,"return u({}, t(""GQ8GXVpFZA""), gt(lG))",16,11051,1
146028888549,RETURN,2,,"return new yo(function (e) {
          (p.storage && p.storage.estimate) ||
            e(u({}, t(""GQ8GXVpFZA""), gt(lG))),
            p.storage
              .estimate()
              .then(function (n) {
                e(u({}, t(""GQ8GXVpFZA""), gt((n && n.quota) || lG)));
              })
              .catch(function () {
                return u({}, t(""GQ8GXVpFZA""), gt(lG));
              });
        })",8,11042,2
146028888550,RETURN,3,,return gt(r),12,11061,3
146028888551,RETURN,2,,return lG,8,11064,2
146028888552,RETURN,2,,"return {
                    allMathOperationResults: gt(U(t)),
                    filteredMathOperationResults: gt(U(e)),
                  }",18,11083,2
146028888553,RETURN,2,,"return {
                    allMathOperationResults: gt(zh),
                    filteredMathOperationResults: gt(zh),
                  }",18,11088,2
146028888554,RETURN,-1,,"return {
                  browser: gt(lG),
                  device: gt(lG),
                }",16,11105,2
146028888555,RETURN,3,,"return {
                browser: gt(e),
                device: gt(t),
              }",14,11118,3
146028888556,RETURN,2,,"return new yo(function (e) {
          setTimeout(function () {
            var n = {},
              r = (function () {
                var t = {},
                  e = {},
                  n = [""sinh(PI)"", ""sinh(SQRT2)"", ""sin(LN10)""];
                try {
                  for (var r = 0; r < Jh.length; r++)
                    for (var a = Jh[r], o = 0; o < Kh.length; o++) {
                      var i = Kh[o],
                        c = """".concat(a, ""("").concat(i, "")""),
                        u = Math[a](Math[i]);
                      (t[c] = u), -1 === n.indexOf(c) && (e[c] = u);
                    }
                  return {
                    allMathOperationResults: gt(U(t)),
                    filteredMathOperationResults: gt(U(e)),
                  };
                } catch (t) {
                  return {
                    allMathOperationResults: gt(zh),
                    filteredMathOperationResults: gt(zh),
                  };
                }
       ...",8,11068,2
146028888557,RETURN,-1,,return !1,34,11143,2
146028888558,RETURN,3,,return !0,16,11144,3
146028888559,RETURN,-1,,return e,22,11198,2
146028888560,RETURN,4,,"return ko(n ? (t = n[0]) : t, e), e",14,11200,4
146028888561,RETURN,-1,,"return Zc(!1), void (BG = !0)",23,11216,2
146028888562,RETURN,-1,,return !1,32,11247,2
146028888563,RETURN,-1,,return !1,22,11249,2
146028888564,RETURN,-1,,"return {
                  centerX: a,
                  centerY: o,
                }",16,11258,2
146028888565,RETURN,2,,return null,12,11263,2
146028888566,RETURN,1,,return !1 === t[Ia],12,11296,1
146028888567,RETURN,3,,return e,18,11322,3
146028888568,RETURN,1,,return !1 === t[Ia],12,11365,1
146028888569,RETURN,3,,return e,20,11393,3
146028888570,RETURN,1,,return t instanceof Array && Boolean(t.length),8,11421,1
146028888571,RETURN,1,,"return ""/"" !== t.charAt(0) || ""//"" === t.substring(0, 2)",14,11432,1
146028888572,RETURN,4,,return e,8,11441,4
146028888573,RETURN,-1,,return null,16,11630,2
146028888574,RETURN,3,,"return (n.timeout = 15e3), n",12,11633,3
146028888575,RETURN,2,,return null,12,11635,2
146028888576,RETURN,2,,"return (
                          mn(new Error(""empty commands: "".concat(n)), dn[Be]),
                          !0
                        )",24,11652,2
146028888577,RETURN,2,,return !1,20,11661,2
146028888578,RETURN,1,,"return (t += ""&"" + Fr + ++dv)",8,11686,1
146028888579,RETURN,-1,,return bv[e(t.N)](wv + kv[Fe]),34,12016,2
146028888580,RETURN,2,,return Mv[a],10,12007,2
146028888581,RETURN,-1,,return kv[_e][0],26,12009,2
146028888582,RETURN,5,,"return kv[_e][Ev] || """"",8,12020,5
146028888583,RETURN,2,,"return r[n(e)](0, a)",8,12034,2
146028888584,RETURN,1,,return n[(t -= 412)],10,12061,1
146028888585,RETURN,2,,"return (Kv = function (t, e) {
          return n[(t -= 412)];
        })(t, e)",8,12060,2
146028888586,RETURN,1,,return t,10,12131,1
146028888587,RETURN,2,,"return (qv = function () {
          return t;
        })()",8,12130,2
146028888588,RETURN,1,,return zn(Ln[zt]),8,12156,1
146028888589,RETURN,2,,"return fp(n), n",14,12196,2
146028888590,RETURN,2,,"return lt
                  ? [
                      new RegExp(
                        ""/"".concat(kv[Fe].replace(t(""GQ8""), """"), ""/init.js""),
                        ""g""
                      ),
                      e,
                    ]
                  : [ut, e]",16,12208,2
146028888591,RETURN,-1,,return,33,12245,2
146028888592,RETURN,-1,,return,25,12247,2
146028888593,RETURN,-1,,return,24,12249,2
146028888594,RETURN,-1,,return,22,12252,2
146028888595,RETURN,1,,"return (d && d[t]) || """"",8,12295,1
146028888596,RETURN,-1,,return,28,12334,2
146028888597,RETURN,1,,"return (
          !Cp &&
          (e || ""1"" === t || ""2"" === t
            ? ((Cp = !0),
              (bp = wo()),
              (function (__pso) {
                if (!__pso) return;
                try {
                  true;
                } catch (t) {
                  Ap = t.stack;
                }
              })({
                c: Zp,
                mc: Mp.bind(this, t),
                e: Op,
                m: e ? null : t,
              }),
              !0)
            : void 0)
        )",8,12328,1
146028888598,RETURN,-1,,"return (
              (function () {
                var t = i;
                (wp = wo()), Ip(t(""GQ8GXVlGZA""), wp), Eo(t(""GQ8GXl5KYw""));
                try {
                  (G._pxcdi = !0), true;
                } catch (e) {
                  (Vp = e.stack), Ip(t(""GQ8GXVtAYg""), Vp);
                }
                Ip(t(""GQ8GXl5KYw""), So(t(""GQ8GXl5KYw"")));
              })(),
              (Yp = !0),
              !0
            )",12,12354,2
146028888599,RETURN,-1,,"return (
              (n = """".concat(xp, ""/"").concat(tt, ""/"").concat(Bp)),
              ((a = v.createElement(Io)).src = n),
              l(r) === X && (a.onload = r),
              v.head.appendChild(a),
              (Yp = !0),
              !0
            )",12,12369,2
146028888600,RETURN,-1,,"return _p(Jn(Ln[Kt]), t)",19,12397,2
146028888601,RETURN,-1,,return wo() - Sp,26,12464,2
146028888602,RETURN,1,,return Ep(),20,12471,1
146028888603,RETURN,8,,"return (
          T &&
            ""b"" !== T &&
            ((a[n(""GQ8GXVlGYQ"")] = T),
            (a[n(""GQ8BW1w"")] = jc),
            (a[n(""GQ8GXl1CYA"")] = Fc),
            (a[n(""GQ8GX15D"")] = Uc),
            (a[n(""GQ8GX15F"")] = kc)),
          Cp &&
            (function (t) {
              var e = i;
              (t[e(""GQ8GXVtLZw"")] = Ap),
                (t[e(""GQ8GXl9FYw"")] = (function () {
                  if (Sp) return wo() - Sp;
                })()),
                (t[e(""GQ8GXVpLYg"")] = bp),
                (t[e(""GQ8GXlxLZw"")] = Tp);
              var n = (function () {
                if (l(Ep) === X)
                  try {
                    return Ep();
                  } catch (t) {}
              })();
              if (n) for (var r in n) n.hasOwnProperty(r) && (t[r] = n[r]);
            })(a),
          Yp &&
            (function (t) {
              var e = i,
                n = Vp;
              n && (t[e(""GQ8GXVtAYg"")] = n);
              t[e(""GQ8GXVlGZA""...",8,12451,8
146028888604,RETURN,1,,"return (function (t) {
              Fp || ((Fp = !0), gl(i(""GQ8GXl9DYQ""), kp(t)));
            })(t)",12,12489,1
146028888605,RETURN,1,,"return t.replace(/^https?:\/\/|\/$/g, """").toLowerCase()",16,12524,1
146028888606,RETURN,2,,"return (t = (t = Array.isArray(t) ? t : []).map(function (t) {
                return t.replace(/^https?:\/\/|\/$/g, """").toLowerCase();
              }))",14,12523,2
146028888607,RETURN,2,,"return (
                Wp(n, arguments[0]) &&
                  t
                    .then(function (t) {
                      var e = t.headers.get(""Content-Type"");
                      if (Kp(e) || $p(e)) {
                        var n = t.url;
                        t.clone()
                          .text()
                          .then(function (t) {
                            Kp(e) ? td(t, n) : $p(e) && zp(t, n);
                          })
                          .catch(function () {});
                      }
                    })
                    .catch(function () {}),
                t
              )",14,12547,2
146028888608,RETURN,1,,return r.indexOf(t) > -1,12,12577,1
146028888609,RETURN,4,,"return t.some(function (t) {
            return r.indexOf(t) > -1;
          })",10,12576,4
146028888610,RETURN,-1,,return !1,30,12639,2
146028888611,RETURN,-1,,return !1,44,12653,2
146028888612,RETURN,3,,return !0,14,12654,3
146028888613,RETURN,-1,,return,18,12670,2
146028888614,RETURN,3,,"return (
                  (e.vid =
                    (t.match(/window\._pxVid\s*=\s*([""'])([\w-]{36})\1\s*;/) ||
                      [])[2] || vt()),
                  (e.appId =
                    (t.match(
                      /window\._pxAppId\s*=\s*(['""])(PX\w{4,8})\1\s*;/
                    ) || [])[2] || et()),
                  (e.hostUrl = (t.match(
                    /window\._pxHostUrl\s*=\s*([""'])((?:(?!\1).)*)\1\s*;/
                  ) || [])[2]),
                  (e.jsClientSrc = (t.match(
                    /window\._pxJsClientSrc\s*=\s*([""'])((?:(?!\1).)*)\1\s*;/
                  ) || [])[2]),
                  (e.firstPartyEnabled = (t.match(
                    /window\._pxFirstPartyEnabled\s*=\s*(true|false)\s*;/
                  ) || [])[1]),
                  e
                )",16,12671,3
146028888615,RETURN,-1,,return,18,12635,2
146028888616,RETURN,-1,,"return void jp(t, e, zp)",33,12636,2
146028888617,RETURN,1,,"return l(t) === Q && t.indexOf(""application/json"") > -1",8,12697,1
146028888618,RETURN,1,,return qa() || !!v.getElementById(Hp),8,12700,1
146028888619,RETURN,2,,"return (e.href = t), e.hostname !== d.hostname",16,12708,2
146028888620,RETURN,1,,"return 0 === t.indexOf(""/"") && 0 !== t.indexOf(""//"")",20,12717,1
146028888621,RETURN,1,,"return l(t) === Q && t.indexOf(""text/html"") > -1",8,12729,1
146028888622,RETURN,-1,,return !1,30,12737,2
146028888623,RETURN,-1,,return !1,45,12750,2
146028888624,RETURN,3,,return !0,14,12751,3
146028888625,RETURN,-1,,return,18,12733,2
146028888626,RETURN,-1,,"return void jp(t, e, td)",33,12734,2
146028888627,RETURN,1,,"return (n.body = e), t(n)",26,12775,1
146028888628,RETURN,1,,return e(),26,12778,1
146028888629,RETURN,3,,"return r[1] && ""object"" === l(r[1]) && at(n, r[1]), t(n)",18,12781,3
146028888630,RETURN,2,,return e(),18,12783,2
146028888631,RETURN,-1,,return,46,12800,2
146028888632,RETURN,-1,,return,41,12802,2
146028888633,RETURN,-1,,return,34,12804,2
146028888634,RETURN,-1,,return,47,12812,2
146028888635,RETURN,8,,return a,14,12813,8
146028888636,RETURN,2,,"return (
          Object.keys(e).forEach(function (t) {
            var n = e[t],
              r = Ll(n, P);
            e[t] = l(r) === m ? n : r;
          }),
          U(e)
        )",8,12818,2
146028888637,RETURN,1,,return n.push(t),18,12836,1
146028888638,RETURN,-1,,return decodeURIComponent(t),24,12848,2
146028888639,RETURN,3,,"return (
                        -1 === t.indexOf(n) && (e += n),
                        (e += t),
                        decodeURIComponent(e)
                      )",22,12851,3
146028888640,RETURN,-1,,return !1,57,12871,2
146028888641,RETURN,-1,,return !0,49,12874,2
146028888642,RETURN,4,,return !1,18,12876,4
146028888643,RETURN,1,,return t,10,12971,1
146028888644,RETURN,2,,"return (od = function () {
          return t;
        })()",8,12970,2
146028888645,RETURN,1,,return n[(t -= 125)],10,13072,1
146028888646,RETURN,2,,"return (Xd = function (t, e) {
          return n[(t -= 125)];
        })(t, e)",8,13071,2
146028888647,RETURN,4,,return c,12,48,4
146028888648,RETURN,-1,,return atob,53,24,2
146028888649,RETURN,4,,"return function (e) {
            var n = String(e).replace(/[=]+$/, """");
            if (n.length % 4 == 1)
              throw new t(
                ""'atob' failed: The string to be decoded is not correctly encoded.""
              );
            for (
              var r, a, o = 0, i = 0, c = """";
              (a = n.charAt(i++));
              ~a && ((r = o % 4 ? 64 * r + a : a), o++ % 4)
                ? (c += String.fromCharCode(255 & (r >> ((-2 * o) & 6))))
                : 0
            )
              a =
                ""ABCDEFGHIJKLMNOPQRSTUVWXYZabcdefghijklmnopqrstuvwxyz0123456789+/="".indexOf(
                  a
                );
            return c;
          }",10,31,4
146028888650,RETURN,1,,return G.atob,12,155,1
146028888651,RETURN,1,,"return String.fromCharCode(""0x"" + e)",20,221,1
146028888652,RETURN,1,,"return btoa(
                encodeURIComponent(t).replace(
                  /%([0-9A-F]{2})/g,
                  function (t, e) {
                    return String.fromCharCode(""0x"" + e);
                  }
                )
              )",14,217,1
146028888653,RETURN,-1,,return t,20,238,2
146028888654,RETURN,2,,return t,14,242,2
146028888655,RETURN,6,,"return (h ? s.slice(0, h - 3) : s) + ""==="".slice(h || 3)",12,260,6
146028888656,RETURN,-1,,"return function (t) {
              return btoa(
                encodeURIComponent(t).replace(
                  /%([0-9A-F]{2})/g,
                  function (t, e) {
                    return String.fromCharCode(""0x"" + e);
                  }
                )
              );
            }",12,216,2
146028888657,RETURN,3,,"return function (t) {
            var n,
              r,
              a,
              o,
              i,
              c =
                ""ABCDEFGHIJKLMNOPQRSTUVWXYZabcdefghijklmnopqrstuvwxyz0123456789+/="",
              u = 0,
              l = 0,
              f = [];
            if (!t) return t;
            try {
              t = e(encodeURIComponent(t));
            } catch (e) {
              return t;
            }
            do {
              (n =
                ((i =
                  (t.charCodeAt(u++) << 16) |
                  (t.charCodeAt(u++) << 8) |
                  t.charCodeAt(u++)) >>
                  18) &
                63),
                (r = (i >> 12) & 63),
                (a = (i >> 6) & 63),
                (o = 63 & i),
                (f[l++] =
                  c.charAt(n) + c.charAt(r) + c.charAt(a) + c.charAt(o));
            } while (u < t.length);
            var s = f.join(""""),
              h = t.length % 3;
            return (h ? s....",10,227,3
146028888658,RETURN,3,,return e,12,307,3
146028888659,RETURN,3,,return t,12,312,3
146028888660,RETURN,2,,"return (t.href = v.currentScript.src), t.hostname === d.hostname",12,554,2
146028888661,RETURN,-1,,return !1,33,558,2
146028888662,RETURN,3,,return !0,10,561,3
146028888663,RETURN,1,,"return crypto.getRandomValues(hr), hr",12,1463,1
146028888664,RETURN,2,,return Gr,10,1475,2
146028888665,RETURN,2,,"return o >= 55296 &&
              o <= 56319 &&
              n > r + 1 &&
              (a = t.charCodeAt(r + 1)) >= 56320 &&
              a <= 57343
              ? 1024 * (o - 55296) + a - 56320 + 65536
              : o",12,1866,2
146028888666,RETURN,2,,"return n + vo.apply(null, t)",10,1891,2
146028888667,RETURN,1,,return Boolean(t && void 0 !== t.length),10,1899,1
146028888668,RETURN,2,,"return void c(e.promise, t)",20,1923,2
146028888669,RETURN,-1,,"return (t._state = 3), (t._value = e), void u(t)",16,1937,2
146028888670,RETURN,-1,,"return void G(
                  ((r = n),
                  (o = e),
                  function () {
                    r.apply(o, arguments);
                  }),
                  t
                )",16,1939,2
146028888671,RETURN,1,,"return a.resolve(t).then(n, e)",12,1974,1
146028888672,RETURN,1,,"return new a(function (e, n) {
            return a.resolve(t).then(n, e);
          })",10,1973,1
146028888673,RETURN,-1,,return,19,1989,2
146028888674,RETURN,1,,"return this.then(null, t)",10,1994,1
146028888675,RETURN,2,,"return o(this, new f(t, e, n)), n",12,1998,2
146028888676,RETURN,1,,return n,18,2005,1
146028888677,RETURN,1,,"return e.resolve(t()).then(function () {
                  return n;
                })",16,2004,1
146028888678,RETURN,1,,return e.reject(n),18,2010,1
146028888679,RETURN,1,,"return e.resolve(t()).then(function () {
                  return e.reject(n);
                })",16,2009,1
146028888680,RETURN,2,,"return this.then(
              function (n) {
                return e.resolve(t()).then(function () {
                  return n;
                });
              },
              function (n) {
                return e.resolve(t()).then(function () {
                  return e.reject(n);
                });
              }
            )",12,2002,2
146028888681,RETURN,1,,return s(a.all(h(t).map(s))),12,2016,1
146028888682,RETURN,-1,,"return void c.call(
                        n,
                        function (e) {
                          i(t, e);
                        },
                        r
                      )",22,2030,2
146028888683,RETURN,-1,,"return r(new TypeError(""Promise.all accepts an array""))",16,2021,2
146028888684,RETURN,-1,,return e([]),34,2023,2
146028888685,RETURN,1,,"return new a(function (e, r) {
              if (!n(t))
                return r(new TypeError(""Promise.all accepts an array""));
              var a = Array.prototype.slice.call(t);
              if (0 === a.length) return e([]);
              var o = a.length;
              function i(t, n) {
                try {
                  if (n && (""object"" === l(n) || ""function"" == typeof n)) {
                    var c = n.then;
                    if (""function"" == typeof c)
                      return void c.call(
                        n,
                        function (e) {
                          i(t, e);
                        },
                        r
                      );
                  }
                  (a[t] = n), 0 == --o && e(a);
                } catch (t) {
                  r(t);
                }
              }
              for (var c = 0; c < a.length; c++) i(c, a[c]);
            })",12,2019,1
146028888686,RETURN,1,,"return t && ""object"" === l(t) && t.constructor === a
              ? t
              : new a(function (e) {
                  e(t);
                })",12,2047,1
146028888687,RETURN,1,,"return new a(function (e, n) {
              n(t);
            })",12,2054,1
146028888688,RETURN,-1,,"return r(new TypeError(""Promise.race accepts an array""))",16,2061,2
146028888689,RETURN,1,,"return new a(function (e, r) {
              if (!n(t))
                return r(new TypeError(""Promise.race accepts an array""));
              for (var o = 0, i = t.length; o < i; o++)
                a.resolve(t[o]).then(e, r);
            })",12,2059,1
146028888690,RETURN,1,,return r,12,2075,1
146028888691,RETURN,3,,return t,10,2182,3
146028888692,RETURN,1,,"return (qo = !1), !0",12,2315,1
146028888693,RETURN,1,,"return {
            captchaMaxAge: Ec,
            captchaMaxStale: xc,
          }",10,3104,1
146028888694,RETURN,2,,"return t === V || ""pxc"" === t",8,3265,2
146028888695,RETURN,1,,return Gl,8,3987,1
146028888696,RETURN,1,,return Math[_l(436)](((t - e) / (n - e)) * (a - r) + r),10,4128,1
146028888697,RETURN,2,,"return kt(I(e), 10)",14,4166,2
146028888698,RETURN,1,,return t - e,16,4205,1
146028888699,RETURN,4,,return V,14,4207,4
146028888700,RETURN,3,,return o + e[a(r.Y)](i),14,4223,3
146028888701,RETURN,4,,"return (
            (a = (function (t, e, n) {
              var r = {
                  N: 438,
                  O: 442,
                  Y: 440,
                },
                a = _l;
              for (
                var o = """", i = 0, c = t[a(r.N)](""""), u = 0;
                u < t[a(r.O)];
                u++
              )
                (o += e[a(r.Y)](i, n[u] - u - 1) + c[u]), (i = n[u] - u - 1);
              return o + e[a(r.Y)](i);
            })(o, a, u)),
            a
          )",10,4209,4
146028888702,RETURN,2,,return e,10,5164,2
146028888703,RETURN,-1,,return,62,5396,2
146028888704,RETURN,-1,,return,72,5397,2
146028888705,RETURN,-1,,return,63,5398,2
146028888706,RETURN,2,,"return (i.ff = t), (i[o(r)] = e), (i[o(a)] = n), $n(!0, i)",12,5429,2
146028888707,RETURN,1,,return v.cookie,20,5453,1
146028888708,RETURN,-1,,return !1,31,5457,2
146028888709,RETURN,1,,"return G.top.location.href, !1",22,5459,1
146028888710,RETURN,2,,return !0,22,5461,2
146028888711,RETURN,-1,,return,16,5449,2
146028888712,RETURN,6,,"return (
                  (""/"" === i.substr(i.length - 1)
                    ? i.substring(0, i.length - 1)
                    : i) +
                  r.search +
                  r.hash
                )",16,5516,6
146028888713,RETURN,-1,,return,35,5578,2
146028888714,RETURN,-1,,return,20,5611,2
146028888715,RETURN,1,,return Math.log(t + Math.sqrt(t * t - 1)),10,10465,1
146028888716,RETURN,1,,return Math.log(1 + t),12,10470,1
146028888717,RETURN,1,,return Math.log((1 + t) / (1 - t)) / 2,12,10475,1
146028888718,RETURN,1,,return Math.exp(t) - 1,12,10480,1
146028888719,RETURN,1,,return (Math.exp(t) - Math.exp(-t)) / 2,12,10485,1
146028888720,RETURN,-1,,return t,42,10492,2
146028888721,RETURN,4,,return t > 0 ? e : -e,12,10500,4
146028888722,RETURN,1,,return G.devicePixelRatio,14,10649,1
146028888723,RETURN,1,,return !!G.localStorage,14,10656,1
146028888724,RETURN,1,,return !!G.indexedDB,14,10663,1
146028888725,RETURN,1,,return !!G.openDatabase,14,10670,1
146028888726,RETURN,1,,return !!v.body.addBehavior,14,10677,1
146028888727,RETURN,1,,return !!G.sessionStorage,14,10684,1
146028888728,RETURN,1,,return p.cpuClass,14,10691,1
146028888729,RETURN,1,,return gG(G),14,10697,1
146028888730,RETURN,1,,return gG(v),14,10703,1
146028888731,RETURN,4,,return t,16,10730,4
146028888732,RETURN,1,,"return (function () {
                var t = [];
                try {
                  if (p.plugins)
                    for (var e = 0; e < p.plugins.length && e < 30; e++) {
                      for (
                        var n = p.plugins[e],
                          r = n.name + ""::"" + n.description,
                          a = 0;
                        a < n.length;
                        a++
                      )
                        r = r + ""::"" + n[a].type + ""~"" + n[a].suffixes;
                      t.push(r);
                    }
                } catch (t) {}
                if (""ActiveXObject"" in G)
                  for (var o in ws)
                    try {
                      new ActiveXObject(o), t.push(o);
                    } catch (t) {}
                return t;
              })()",14,10709,1
146028888733,RETURN,1,,return co(),14,10737,1
146028888734,RETURN,1,,return jt(tr()),14,10743,1
146028888735,RETURN,2,,return !0,20,10756,2
146028888736,RETURN,2,,return !1,16,10759,2
146028888737,RETURN,1,,"return (function () {
                try {
                  throw ""a"";
                } catch (t) {
                  try {
                    t.toSource();
                  } catch (t) {
                    return !0;
                  }
                }
                return !1;
              })()",14,10749,1
146028888738,RETURN,1,,"return ""eval"" in G ? (eval + """").length : -1",14,10766,1
146028888739,RETURN,1,,"return TG(G, ""UIEvent"")",14,10772,1
146028888740,RETURN,1,,"return TG(G, ""WebKitCSSMatrix"")",14,10778,1
146028888741,RETURN,1,,"return TG(G, ""WebGLContextEvent"")",14,10784,1
146028888742,RETURN,1,,return 2,14,10790,1
146028888743,RETURN,1,,"return 0 === t.indexOf(""max-age"")",34,11506,1
146028888744,RETURN,1,,"return (
                                      0 ===
                                        t.indexOf(""stale-while-revalidate"") ||
                                      0 === t.indexOf(""stale-if-error"")
                                    )",36,11511,1
146028888745,RETURN,4,,"return {
                                maxAgeValue: t,
                                staleMaxValue: e,
                              }",30,11524,4
146028888746,RETURN,-1,,return,22,11484,2
146028888747,RETURN,3,,"return r(null, a)",22,11533,3
146028888748,RETURN,2,,return r(t),20,11536,2
146028888749,RETURN,1,,"return l(cr(ar, ""performance.getEntries"", null)) === rr",10,11544,1
146028888750,RETURN,1,,return !0,20,11557,1
146028888751,RETURN,-1,,return [],21,11560,2
146028888752,RETURN,4,,return i,10,11579,4
146028888753,RETURN,1,,"return ""resource"" === t.entryType",22,11596,1
146028888754,RETURN,-1,,"return a({
                    status: this.status,
                    responseText: this.responseText,
                  })",18,11604,2
146028888755,RETURN,2,,return t,10,11751,2
146028888756,RETURN,1,,"return mv(t, Hv(t), Jv, zv, Dv, Pv, Lv)",10,11756,1
146028888757,RETURN,-1,,return !0,49,11840,2
146028888758,RETURN,3,,return !(e && l(e) === Q),26,11842,3
146028888759,RETURN,2,,return t.t === h(e(f)),24,11894,2
146028888760,RETURN,2,,return t.t !== h(e(u)),24,11898,2
146028888761,RETURN,3,,return c,12,11922,3
146028888762,RETURN,2,,"return (
              (G[h(422)] = Cv ? Av : m),
              (G[h(e)] = Yv ? Vv : m),
              (G[h(n)] = (kv && kv[_e] && kv[_e][h(r)]) || 0),
              (G[h(a)] = Iv),
              (G[h(o)] = _v),
              (G[h(i)] = Bv),
              (G[h(l)] = Rv),
              u((t = G), c(h(f)), Sv),
              u(t, c(h(s)), Zv),
              t
            )",12,11940,2
146028888763,RETURN,-1,,"return (id = !0), !0",20,13130,2
146028888764,RETURN,5,,"return (
          (!t || !qa()) &&
          ((pd = t === V), !(!(vd = t === T) && !pd) && ((G[xa] = !0), !0))
        )",8,13133,5
146028888765,RETURN,1,,"return vv(Ur(), a)",20,13169,1
146028888766,RETURN,2,,return,18,13164,2
146028888767,RETURN,1,,return Rp(t),18,13188,1
146028888768,RETURN,2,,return Rp(t),14,13190,2
146028888769,RETURN,2,,return r,14,13263,2
